"STATION","NAME","DATE","PRCP","SNOW","SNWD","TMAX","TMIN","TOBS"
"USC00045802","MONTEREY WEATHER FORECAST OFFICE, CA US","2017-01-01","0.08","0.0",,"52","43","44"
"USC00045802","MONTEREY WEATHER FORECAST OFFICE, CA US","2017-01-02","0.18","0.0","0.0","49","43","47"
"USC00045802","MONTEREY WEATHER FORECAST OFFICE, CA US","2017-01-03","0.53","0.0","0.0","59","47","58"
"USC00045802","MONTEREY WEATHER FORECAST OFFICE, CA US","2017-01-04","0.44","0.0","0.0","62","50","50"
"USC00045802","MONTEREY WEATHER FORECAST OFFICE, CA US","2017-01-05","0.03","0.0","0.0",,,
"USC00045802","MONTEREY WEATHER FORECAST OFFICE, CA US","2017-01-06","0.01","0.0","0.0","53","31","48"
"USC00045802","MONTEREY WEATHER FORECAST OFFICE, CA US","2017-01-07","0.74","0.0","0.0","66","48","56"
"USC00045802","MONTEREY WEATHER FORECAST OFFICE, CA US","2017-01-08","1.78","0.0","0.0","67","55","60"
"USC00045802","MONTEREY WEATHER FORECAST OFFICE, CA US","2017-01-09","0.10","0.0","0.0","60","52","57"
"USC00045802","MONTEREY WEATHER FORECAST OFFICE, CA US","2017-01-10","0.71","0.0","0.0","60","56","56"
"USC00045802","MONTEREY WEATHER FORECAST OFFICE, CA US","2017-01-11","0.11","0.0",,"56","49","49"
"USC00045802","MONTEREY WEATHER FORECAST OFFICE, CA US","2017-01-12","0.12","0.0","0.0","51","43","44"
"USC00045802","MONTEREY WEATHER FORECAST OFFICE, CA US","2017-01-13","0.00","0.0","0.0","55","38","44"
"USC00045802","MONTEREY WEATHER FORECAST OFFICE, CA US","2017-01-14","0.00","0.0","0.0","55","38","44"
"USC00045802","MONTEREY WEATHER FORECAST OFFICE, CA US","2017-01-15","0.00","0.0","0.0","54","38","41"
"USC00045802","MONTEREY WEATHER FORECAST OFFICE, CA US","2017-01-16","0.00","0.0","0.0","57","36","41"
"USC00045802","MONTEREY WEATHER FORECAST OFFICE, CA US","2017-01-17","0.00","0.0","0.0","56","39","48"
"USC00045802","MONTEREY WEATHER FORECAST OFFICE, CA US","2017-01-18","0.26","0.0","0.0","58","48","55"
"USC00045802","MONTEREY WEATHER FORECAST OFFICE, CA US","2017-01-19","0.20","0.0","0.0","57","48","48"
"USC00045802","MONTEREY WEATHER FORECAST OFFICE, CA US","2017-01-20","0.62","0.0","0.0","55","46","46"
"USC00045802","MONTEREY WEATHER FORECAST OFFICE, CA US","2017-01-21","0.12","0.0","0.0","56","46","52"
"USC00045802","MONTEREY WEATHER FORECAST OFFICE, CA US","2017-01-22","1.22","0.0","0.0","58","45","45"
"USC00045802","MONTEREY WEATHER FORECAST OFFICE, CA US","2017-01-23","0.24","0.0","0.0","52","43","43"
"USC00045802","MONTEREY WEATHER FORECAST OFFICE, CA US","2017-01-24","0.00",,,"56","39","43"
"USC00045802","MONTEREY WEATHER FORECAST OFFICE, CA US","2017-01-25","0.00",,,"54","38","44"
"USC00045802","MONTEREY WEATHER FORECAST OFFICE, CA US","2017-01-26","0.00","0.0","0.0","57","41","43"
"USC00045802","MONTEREY WEATHER FORECAST OFFICE, CA US","2017-01-27","0.00","0.0","0.0","59","38","43"
"USC00045802","MONTEREY WEATHER FORECAST OFFICE, CA US","2017-01-28","0.00","0.0","0.0","66","38","44"
"USC00045802","MONTEREY WEATHER FORECAST OFFICE, CA US","2017-01-29","0.00",,,"66","37","43"
"USC00045802","MONTEREY WEATHER FORECAST OFFICE, CA US","2017-01-30","0.00","0.0","0.0","68","38","46"
"USC00045802","MONTEREY WEATHER FORECAST OFFICE, CA US","2017-01-31","0.00","0.0","0.0","63","44","51"
"USC00045802","MONTEREY WEATHER FORECAST OFFICE, CA US","2017-02-01","0.08","0.0","0.0","60","46","51"
"USC00045802","MONTEREY WEATHER FORECAST OFFICE, CA US","2017-02-02","0.11","0.0","0.0","62","50","54"
"USC00045802","MONTEREY WEATHER FORECAST OFFICE, CA US","2017-02-03","0.12","0.0","0.0","62","53","53"
"USC00045802","MONTEREY WEATHER FORECAST OFFICE, CA US","2017-02-04","0.00","0.0","0.0","62","48","49"
"USC00045802","MONTEREY WEATHER FORECAST OFFICE, CA US","2017-02-05","0.08","0.0","0.0","61","47","60"
"USC00045802","MONTEREY WEATHER FORECAST OFFICE, CA US","2017-02-06","0.12","0.0","0.0","63","52","63"
"USC00045802","MONTEREY WEATHER FORECAST OFFICE, CA US","2017-02-07","0.37","0.0","0.0","64","54","59"
"USC00045802","MONTEREY WEATHER FORECAST OFFICE, CA US","2017-02-08","0.02","0.0","0.0","67","58","58"
"USC00045802","MONTEREY WEATHER FORECAST OFFICE, CA US","2017-02-09","0.90","0.0","0.0","68","57","58"
"USC00045802","MONTEREY WEATHER FORECAST OFFICE, CA US","2017-02-10","0.30","0.0","0.0","59","51","52"
"USC00045802","MONTEREY WEATHER FORECAST OFFICE, CA US","2017-02-11","0.00","0.0","0.0","56","46","49"
"USC00045802","MONTEREY WEATHER FORECAST OFFICE, CA US","2017-02-12","0.00","0.0","0.0","59","42","46"
"USC00045802","MONTEREY WEATHER FORECAST OFFICE, CA US","2017-02-13","0.00","0.0","0.0","57","42","51"
"USC00045802","MONTEREY WEATHER FORECAST OFFICE, CA US","2017-02-14","0.00","0.0","0.0","65","47","51"
"USC00045802","MONTEREY WEATHER FORECAST OFFICE, CA US","2017-02-15","0.00","0.0","0.0","66","51","53"
"USC00045802","MONTEREY WEATHER FORECAST OFFICE, CA US","2017-02-16","0.16","0.0","0.0","63","51","55"
"USC00045802","MONTEREY WEATHER FORECAST OFFICE, CA US","2017-02-17","1.22","0.0","0.0","60","50","52"
"USC00045802","MONTEREY WEATHER FORECAST OFFICE, CA US","2017-02-18","0.03","0.0","0.0","55","48","48"
"USC00045802","MONTEREY WEATHER FORECAST OFFICE, CA US","2017-02-19","0.05","0.0",,"57","46","53"
"USC00045802","MONTEREY WEATHER FORECAST OFFICE, CA US","2017-02-20","2.15","0.0","0.0","65","53","60"
"USC00045802","MONTEREY WEATHER FORECAST OFFICE, CA US","2017-02-21","0.30","0.0","0.0","61","48","48"
"USC00045802","MONTEREY WEATHER FORECAST OFFICE, CA US","2017-02-22","0.01","0.0","0.0","54","43","48"
"USC00045802","MONTEREY WEATHER FORECAST OFFICE, CA US","2017-02-23","0.03","0.0","0.0","51","42","42"
"USC00045802","MONTEREY WEATHER FORECAST OFFICE, CA US","2017-02-24","0.00","0.0","0.0","52","38","43"
"USC00045802","MONTEREY WEATHER FORECAST OFFICE, CA US","2017-02-25","0.00","0.0","0.0","55","38","48"
"USC00045802","MONTEREY WEATHER FORECAST OFFICE, CA US","2017-02-26","0.02","0.0","0.0","57","39","46"
"USC00045802","MONTEREY WEATHER FORECAST OFFICE, CA US","2017-02-27","0.11","0.0","0.0","53","43","43"
"USC00045802","MONTEREY WEATHER FORECAST OFFICE, CA US","2017-02-28","0.00",,,"54","38","44"
"USC00045802","MONTEREY WEATHER FORECAST OFFICE, CA US","2017-03-01","0.00","0.0","0.0","62","39","44"
"USC00045802","MONTEREY WEATHER FORECAST OFFICE, CA US","2017-03-02","0.00","0.0","0.0","66","37","46"
"USC00045802","MONTEREY WEATHER FORECAST OFFICE, CA US","2017-03-03","0.00","0.0","0.0","57","35","50"
"USC00045802","MONTEREY WEATHER FORECAST OFFICE, CA US","2017-03-04","0.21","0.0","0.0","61","48","50"
"USC00045802","MONTEREY WEATHER FORECAST OFFICE, CA US","2017-03-05","0.41","0.0","0.0","52","43","43"
"USC00045802","MONTEREY WEATHER FORECAST OFFICE, CA US","2017-03-06","0.05","0.0","0.0","56","39","45"
"USC00045802","MONTEREY WEATHER FORECAST OFFICE, CA US","2017-03-07","0.00","0.0","0.0","57","40","49"
"USC00045802","MONTEREY WEATHER FORECAST OFFICE, CA US","2017-03-08","0.00","0.0","0.0","67","44","51"
"USC00045802","MONTEREY WEATHER FORECAST OFFICE, CA US","2017-03-09","0.00","0.0","0.0","61","48","55"
"USC00045802","MONTEREY WEATHER FORECAST OFFICE, CA US","2017-03-10","0.00","0.0","0.0","60","51","54"
"USC00045802","MONTEREY WEATHER FORECAST OFFICE, CA US","2017-03-11","0.00","0.0","0.0","61","50","50"
"USC00045802","MONTEREY WEATHER FORECAST OFFICE, CA US","2017-03-12","0.00","0.0","0.0","68","47","51"
"USC00045802","MONTEREY WEATHER FORECAST OFFICE, CA US","2017-03-13","0.00","0.0","0.0","73","48","54"
"USC00045802","MONTEREY WEATHER FORECAST OFFICE, CA US","2017-03-14","0.00","0.0","0.0","74","51","51"
"USC00045802","MONTEREY WEATHER FORECAST OFFICE, CA US","2017-03-15","0.00","0.0","0.0","58","49","52"
"USC00045802","MONTEREY WEATHER FORECAST OFFICE, CA US","2017-03-16","0.00","0.0","0.0","60","52","52"
"USC00045802","MONTEREY WEATHER FORECAST OFFICE, CA US","2017-03-17","0.00","0.0","0.0","66","49","52"
"USC00045802","MONTEREY WEATHER FORECAST OFFICE, CA US","2017-03-18","0.00","0.0","0.0","64","50","50"
"USC00045802","MONTEREY WEATHER FORECAST OFFICE, CA US","2017-03-19","0.00","0.0","0.0","60","50","53"
"USC00045802","MONTEREY WEATHER FORECAST OFFICE, CA US","2017-03-20","0.42","0.0","0.0","61","50","57"
"USC00045802","MONTEREY WEATHER FORECAST OFFICE, CA US","2017-03-21","0.30","0.0","0.0","62","53","56"
"USC00045802","MONTEREY WEATHER FORECAST OFFICE, CA US","2017-03-22","0.38","0.0","0.0","59","51","52"
"USC00045802","MONTEREY WEATHER FORECAST OFFICE, CA US","2017-03-23","0.00","0.0","0.0","58","50","51"
"USC00045802","MONTEREY WEATHER FORECAST OFFICE, CA US","2017-03-24","0.37","0.0","0.0","60","51","54"
"USC00045802","MONTEREY WEATHER FORECAST OFFICE, CA US","2017-03-25","0.15","0.0","0.0","59","51","51"
"USC00045802","MONTEREY WEATHER FORECAST OFFICE, CA US","2017-03-26","0.02","0.0","0.0","62","50","55"
"USC00045802","MONTEREY WEATHER FORECAST OFFICE, CA US","2017-03-27","0.00","0.0","0.0","58","51","51"
"USC00045802","MONTEREY WEATHER FORECAST OFFICE, CA US","2017-03-28","0.00","0.0","0.0","60","46","52"
"USC00045802","MONTEREY WEATHER FORECAST OFFICE, CA US","2017-03-29","0.00","0.0","0.0","64","48","54"
"USC00045802","MONTEREY WEATHER FORECAST OFFICE, CA US","2017-03-30","0.02","0.0","0.0","57","51","53"
"USC00045802","MONTEREY WEATHER FORECAST OFFICE, CA US","2017-03-31","0.00","0.0","0.0","60","46","46"
"USC00045802","MONTEREY WEATHER FORECAST OFFICE, CA US","2017-04-01","0.00","0.0","0.0","68","43","52"
"USC00045802","MONTEREY WEATHER FORECAST OFFICE, CA US","2017-04-02","0.00","0.0","0.0","65","51","52"
"USC00045802","MONTEREY WEATHER FORECAST OFFICE, CA US","2017-04-03","0.00","0.0","0.0","61","47","48"
"USC00045802","MONTEREY WEATHER FORECAST OFFICE, CA US","2017-04-04","0.00","0.0","0.0","60","45","53"
"USC00045802","MONTEREY WEATHER FORECAST OFFICE, CA US","2017-04-05","0.00","0.0","0.0","68","51","54"
"USC00045802","MONTEREY WEATHER FORECAST OFFICE, CA US","2017-04-06","0.07","0.0","0.0","62","53","62"
"USC00045802","MONTEREY WEATHER FORECAST OFFICE, CA US","2017-04-07","0.33","0.0","0.0","64","56","57"
"USC00045802","MONTEREY WEATHER FORECAST OFFICE, CA US","2017-04-08","0.06","0.0","0.0","57","46","46"
"USC00045802","MONTEREY WEATHER FORECAST OFFICE, CA US","2017-04-09","0.00","0.0","0.0","56","43","48"
"USC00045802","MONTEREY WEATHER FORECAST OFFICE, CA US","2017-04-10","0.00","0.0","0.0","61","42","53"
"USC00045802","MONTEREY WEATHER FORECAST OFFICE, CA US","2017-04-11","0.01","0.0","0.0","71","52","56"
"USC00045802","MONTEREY WEATHER FORECAST OFFICE, CA US","2017-04-12","0.06","0.0","0.0","63","55","58"
"USC00045802","MONTEREY WEATHER FORECAST OFFICE, CA US","2017-04-13","0.22","0.0","0.0","60","51","51"
"USC00045802","MONTEREY WEATHER FORECAST OFFICE, CA US","2017-04-14","0.00","0.0","0.0","57","42","47"
"USC00045802","MONTEREY WEATHER FORECAST OFFICE, CA US","2017-04-15","0.00","0.0","0.0","68","43","52"
"USC00045802","MONTEREY WEATHER FORECAST OFFICE, CA US","2017-04-16","0.26","0.0","0.0","62","47","55"
"USC00045802","MONTEREY WEATHER FORECAST OFFICE, CA US","2017-04-17","0.16","0.0","0.0","63","53","53"
"USC00045802","MONTEREY WEATHER FORECAST OFFICE, CA US","2017-04-18","0.07","0.0","0.0","60","52","53"
"USC00045802","MONTEREY WEATHER FORECAST OFFICE, CA US","2017-04-19","0.00","0.0","0.0","66","46","52"
"USC00045802","MONTEREY WEATHER FORECAST OFFICE, CA US","2017-04-20","0.00","0.0","0.0","62","52","52"
"USC00045802","MONTEREY WEATHER FORECAST OFFICE, CA US","2017-04-21","0.00","0.0","0.0","70","47","53"
"USC00045802","MONTEREY WEATHER FORECAST OFFICE, CA US","2017-04-22","0.00","0.0","0.0","65","48","53"
"USC00045802","MONTEREY WEATHER FORECAST OFFICE, CA US","2017-04-23","0.00","0.0","0.0","61","52","53"
"USC00045802","MONTEREY WEATHER FORECAST OFFICE, CA US","2017-04-24","0.00","0.0","0.0","62","51","52"
"USC00045802","MONTEREY WEATHER FORECAST OFFICE, CA US","2017-04-25","0.00","0.0","0.0","61","52","55"
"USC00045802","MONTEREY WEATHER FORECAST OFFICE, CA US","2017-04-26","0.00",,,"65","54","54"
"USC00045802","MONTEREY WEATHER FORECAST OFFICE, CA US","2017-04-27","0.00","0.0","0.0","60","51","51"
"USC00045802","MONTEREY WEATHER FORECAST OFFICE, CA US","2017-04-28","0.00","0.0","0.0","62","48","49"
"USC00045802","MONTEREY WEATHER FORECAST OFFICE, CA US","2017-04-29","0.00","0.0","0.0","69","46","51"
"USC00045802","MONTEREY WEATHER FORECAST OFFICE, CA US","2017-04-30","0.00",,,"67","49","52"
"USC00045802","MONTEREY WEATHER FORECAST OFFICE, CA US","2017-05-01","0.00","0.0","0.0","70","49","57"
"USC00045802","MONTEREY WEATHER FORECAST OFFICE, CA US","2017-05-02","0.00","0.0","0.0","68","52","55"
"USC00045802","MONTEREY WEATHER FORECAST OFFICE, CA US","2017-05-03","0.00","0.0","0.0",,"52","52"
"USC00045802","MONTEREY WEATHER FORECAST OFFICE, CA US","2017-05-04","0.00","0.0","0.0","65","50","52"
"USC00045802","MONTEREY WEATHER FORECAST OFFICE, CA US","2017-05-05","0.00","0.0","0.0","60","51","51"
"USC00045802","MONTEREY WEATHER FORECAST OFFICE, CA US","2017-05-06","0.00","0.0","0.0","54","49","50"
"USC00045802","MONTEREY WEATHER FORECAST OFFICE, CA US","2017-05-07","0.00","0.0","0.0","61","50","50"
"USC00045802","MONTEREY WEATHER FORECAST OFFICE, CA US","2017-05-08","0.00","0.0","0.0","59","48","49"
"USC00045802","MONTEREY WEATHER FORECAST OFFICE, CA US","2017-05-09","0.00","0.0","0.0","65","47","54"
"USC00045802","MONTEREY WEATHER FORECAST OFFICE, CA US","2017-05-10","0.00","0.0","0.0","61","53","54"
"USC00045802","MONTEREY WEATHER FORECAST OFFICE, CA US","2017-05-11","0.00","0.0","0.0","63","53","53"
"USC00045802","MONTEREY WEATHER FORECAST OFFICE, CA US","2017-05-12","0.00","0.0","0.0","59","49","51"
"USC00045802","MONTEREY WEATHER FORECAST OFFICE, CA US","2017-05-13","0.00","0.0","0.0","59","50","51"
"USC00045802","MONTEREY WEATHER FORECAST OFFICE, CA US","2017-05-14","0.00","0.0","0.0","56","50","51"
"USC00045802","MONTEREY WEATHER FORECAST OFFICE, CA US","2017-05-15","0.00","0.0","0.0","55","51","52"
"USC00045802","MONTEREY WEATHER FORECAST OFFICE, CA US","2017-05-16","0.00","0.0","0.0","60","51","54"
"USC00045802","MONTEREY WEATHER FORECAST OFFICE, CA US","2017-05-17","0.00","0.0","0.0","58","49","49"
"USC00045802","MONTEREY WEATHER FORECAST OFFICE, CA US","2017-05-18","0.00","0.0","0.0","65","47","52"
"USC00045802","MONTEREY WEATHER FORECAST OFFICE, CA US","2017-05-19","0.00","0.0","0.0","67","48","54"
"USC00045802","MONTEREY WEATHER FORECAST OFFICE, CA US","2017-05-20","0.00","0.0","0.0","64","48","51"
"USC00045802","MONTEREY WEATHER FORECAST OFFICE, CA US","2017-05-21","0.00","0.0","0.0","63","47","50"
"USC00045802","MONTEREY WEATHER FORECAST OFFICE, CA US","2017-05-22","0.01","0.0","0.0","60","50","53"
"USC00045802","MONTEREY WEATHER FORECAST OFFICE, CA US","2017-05-23","0.00","0.0","0.0","62","52","54"
"USC00045802","MONTEREY WEATHER FORECAST OFFICE, CA US","2017-05-24","0.00","0.0","0.0","60","51","55"
"USC00045802","MONTEREY WEATHER FORECAST OFFICE, CA US","2017-05-25","0.00","0.0","0.0","64","54","54"
"USC00045802","MONTEREY WEATHER FORECAST OFFICE, CA US","2017-05-26","0.00","0.0","0.0","58","52","52"
"USC00045802","MONTEREY WEATHER FORECAST OFFICE, CA US","2017-05-27","0.00",,,"63","49","54"
"USC00045802","MONTEREY WEATHER FORECAST OFFICE, CA US","2017-05-28","0.00",,,"63","49","54"
"USC00045802","MONTEREY WEATHER FORECAST OFFICE, CA US","2017-05-29","0.00",,,"57","52","53"
"USC00045802","MONTEREY WEATHER FORECAST OFFICE, CA US","2017-05-30","0.00","0.0","0.0","59","52","54"
"USC00045802","MONTEREY WEATHER FORECAST OFFICE, CA US","2017-05-31","0.02",,,"67","53","56"
"USC00045802","MONTEREY WEATHER FORECAST OFFICE, CA US","2017-06-01","0.00","0.0","0.0","68","53","53"
"USC00045802","MONTEREY WEATHER FORECAST OFFICE, CA US","2017-06-02","0.00","0.0","0.0","63","53","54"
"USC00045802","MONTEREY WEATHER FORECAST OFFICE, CA US","2017-06-03","0.00","0.0","0.0","64","53","53"
"USC00045802","MONTEREY WEATHER FORECAST OFFICE, CA US","2017-06-04","0.00","0.0","0.0","61","52","52"
"USC00045802","MONTEREY WEATHER FORECAST OFFICE, CA US","2017-06-05","0.00","0.0","0.0","63","47","53"
"USC00045802","MONTEREY WEATHER FORECAST OFFICE, CA US","2017-06-06","0.00","0.0","0.0","58","51","51"
"USC00045802","MONTEREY WEATHER FORECAST OFFICE, CA US","2017-06-07","0.00","0.0","0.0","59","46","50"
"USC00045802","MONTEREY WEATHER FORECAST OFFICE, CA US","2017-06-08","0.00","0.0","0.0","69","46",
"USC00045802","MONTEREY WEATHER FORECAST OFFICE, CA US","2017-06-09","0.05","0.0","0.0",,,
"USC00045802","MONTEREY WEATHER FORECAST OFFICE, CA US","2017-06-10","0.00","0.0","0.0","64","50",
"USC00045802","MONTEREY WEATHER FORECAST OFFICE, CA US","2017-06-11","0.00","0.0","0.0","64","57",
"USC00045802","MONTEREY WEATHER FORECAST OFFICE, CA US","2017-06-12","0.00","0.0","0.0","61","54","54"
"USC00045802","MONTEREY WEATHER FORECAST OFFICE, CA US","2017-06-13","0.00","0.0","0.0","61","51","53"
"USC00045802","MONTEREY WEATHER FORECAST OFFICE, CA US","2017-06-14","0.00","0.0","0.0","64","50","54"
"USC00045802","MONTEREY WEATHER FORECAST OFFICE, CA US","2017-06-15","0.00","0.0","0.0","66","52","58"
"USC00045802","MONTEREY WEATHER FORECAST OFFICE, CA US","2017-06-16","0.00","0.0","0.0","67","55","58"
"USC00045802","MONTEREY WEATHER FORECAST OFFICE, CA US","2017-06-17","0.00","0.0","0.0","69","54","58"
"USC00045802","MONTEREY WEATHER FORECAST OFFICE, CA US","2017-06-18","0.00","0.0","0.0","75","56","59"
"USC00045802","MONTEREY WEATHER FORECAST OFFICE, CA US","2017-06-19","0.00","0.0","0.0","71","56","56"
"USC00045802","MONTEREY WEATHER FORECAST OFFICE, CA US","2017-06-20","0.01","0.0","0.0","63","55","56"
"USC00045802","MONTEREY WEATHER FORECAST OFFICE, CA US","2017-06-21","0.01","0.0","0.0","67","53","54"
"USC00045802","MONTEREY WEATHER FORECAST OFFICE, CA US","2017-06-22","0.00","0.0","0.0","72","53","56"
"USC00045802","MONTEREY WEATHER FORECAST OFFICE, CA US","2017-06-23","0.00","0.0","0.0","71","54","58"
"USC00045802","MONTEREY WEATHER FORECAST OFFICE, CA US","2017-06-24","0.00","0.0",,"66","55","56"
"USC00045802","MONTEREY WEATHER FORECAST OFFICE, CA US","2017-06-25","0.01","0.0",,"64","54","60"
"USC00045802","MONTEREY WEATHER FORECAST OFFICE, CA US","2017-06-26","0.00","0.0",,"70","52","58"
"USC00045802","MONTEREY WEATHER FORECAST OFFICE, CA US","2017-06-27","0.00","0.0",,"66","56","56"
"USC00045802","MONTEREY WEATHER FORECAST OFFICE, CA US","2017-06-28","0.00","0.0",,"63","55","56"
"USC00045802","MONTEREY WEATHER FORECAST OFFICE, CA US","2017-06-29","0.00","0.0","0.0","61","54","55"
"USC00045802","MONTEREY WEATHER FORECAST OFFICE, CA US","2017-06-30","0.00","0.0","0.0","60","54","54"
"USC00045802","MONTEREY WEATHER FORECAST OFFICE, CA US","2017-07-01","0.00","0.0","0.0","58","53","54"
"USC00045802","MONTEREY WEATHER FORECAST OFFICE, CA US","2017-07-02","0.00","0.0","0.0","61","52","56"
"USC00045802","MONTEREY WEATHER FORECAST OFFICE, CA US","2017-07-03","0.00","0.0","0.0","65","54","56"
"USC00045802","MONTEREY WEATHER FORECAST OFFICE, CA US","2017-07-04","0.00","0.0","0.0","68","55","55"
"USC00045802","MONTEREY WEATHER FORECAST OFFICE, CA US","2017-07-05","0.00","0.0","0.0","62","54","54"
"USC00045802","MONTEREY WEATHER FORECAST OFFICE, CA US","2017-07-06","0.00","0.0","0.0","65","53","57"
"USC00045802","MONTEREY WEATHER FORECAST OFFICE, CA US","2017-07-07","0.00","0.0","0.0","71","54",
"USC00045802","MONTEREY WEATHER FORECAST OFFICE, CA US","2017-07-08","0.00","0.0","0.0","67","54","55"
"USC00045802","MONTEREY WEATHER FORECAST OFFICE, CA US","2017-07-09","0.00","0.0","0.0","69","53","55"
"USC00045802","MONTEREY WEATHER FORECAST OFFICE, CA US","2017-07-10","0.00","0.0","0.0","60","52","54"
"USC00045802","MONTEREY WEATHER FORECAST OFFICE, CA US","2017-07-11","0.00","0.0","0.0","67","53","55"
"USC00045802","MONTEREY WEATHER FORECAST OFFICE, CA US","2017-07-12","0.00","0.0","0.0","63","54","56"
"USC00045802","MONTEREY WEATHER FORECAST OFFICE, CA US","2017-07-13","0.00","0.0","0.0","64","53","53"
"USC00045802","MONTEREY WEATHER FORECAST OFFICE, CA US","2017-07-14","0.00","0.0","0.0","67","52","53"
"USC00045802","MONTEREY WEATHER FORECAST OFFICE, CA US","2017-07-15","0.00","0.0","0.0","68","50","57"
"USC00045802","MONTEREY WEATHER FORECAST OFFICE, CA US","2017-07-16","0.00","0.0","0.0","74","54","58"
"USC00045802","MONTEREY WEATHER FORECAST OFFICE, CA US","2017-07-17","0.00","0.0","0.0","68","53","55"
"USC00045802","MONTEREY WEATHER FORECAST OFFICE, CA US","2017-07-18","0.00","0.0","0.0","64","54","55"
"USC00045802","MONTEREY WEATHER FORECAST OFFICE, CA US","2017-07-19","0.00","0.0","0.0","64","53","56"
"USC00045802","MONTEREY WEATHER FORECAST OFFICE, CA US","2017-07-20","0.00","0.0","0.0","63","55","55"
"USC00045802","MONTEREY WEATHER FORECAST OFFICE, CA US","2017-07-21","0.00","0.0","0.0","64","54","55"
"USC00045802","MONTEREY WEATHER FORECAST OFFICE, CA US","2017-07-22","0.00","0.0","0.0","71","54","56"
"USC00045802","MONTEREY WEATHER FORECAST OFFICE, CA US","2017-07-23","0.00","0.0","0.0","68","52","55"
"USC00045802","MONTEREY WEATHER FORECAST OFFICE, CA US","2017-07-24","0.00","0.0","0.0","65","54","59"
"USC00045802","MONTEREY WEATHER FORECAST OFFICE, CA US","2017-07-25","0.00","0.0","0.0","68","58","59"
"USC00045802","MONTEREY WEATHER FORECAST OFFICE, CA US","2017-07-26","0.00","0.0","0.0","70","57","57"
"USC00045802","MONTEREY WEATHER FORECAST OFFICE, CA US","2017-07-27","0.00","0.0","0.0","67","55","55"
"USC00045802","MONTEREY WEATHER FORECAST OFFICE, CA US","2017-07-28","0.00","0.0","0.0","62","52","53"
"USC00045802","MONTEREY WEATHER FORECAST OFFICE, CA US","2017-07-29","0.00","0.0","0.0","62","52","52"
"USC00045802","MONTEREY WEATHER FORECAST OFFICE, CA US","2017-07-30","0.00","0.0","0.0","64","51","54"
"USC00045802","MONTEREY WEATHER FORECAST OFFICE, CA US","2017-07-31","0.00","0.0","0.0","62","51","53"
"USC00045802","MONTEREY WEATHER FORECAST OFFICE, CA US","2017-08-01","0.00","0.0","0.0","65","51","54"
"USC00045802","MONTEREY WEATHER FORECAST OFFICE, CA US","2017-08-02","0.00","0.0","0.0","70","53","64"
"USC00045802","MONTEREY WEATHER FORECAST OFFICE, CA US","2017-08-03","0.00","0.0","0.0","71","60","63"
"USC00045802","MONTEREY WEATHER FORECAST OFFICE, CA US","2017-08-04","0.00","0.0","0.0","81","58","58"
"USC00045802","MONTEREY WEATHER FORECAST OFFICE, CA US","2017-08-05","0.00","0.0","0.0","70","57","57"
"USC00045802","MONTEREY WEATHER FORECAST OFFICE, CA US","2017-08-06","0.00","0.0","0.0","68","56","57"
"USC00045802","MONTEREY WEATHER FORECAST OFFICE, CA US","2017-08-07","0.00","0.0","0.0","67","56","57"
"USC00045802","MONTEREY WEATHER FORECAST OFFICE, CA US","2017-08-08","0.00","0.0","0.0","64","57","57"
"USC00045802","MONTEREY WEATHER FORECAST OFFICE, CA US","2017-08-09","0.01","0.0","0.0","63","55","57"
"USC00045802","MONTEREY WEATHER FORECAST OFFICE, CA US","2017-08-10","0.00","0.0","0.0","62","56","56"
"USC00045802","MONTEREY WEATHER FORECAST OFFICE, CA US","2017-08-11","0.00","0.0","0.0","62","55","56"
"USC00045802","MONTEREY WEATHER FORECAST OFFICE, CA US","2017-08-12","0.00","0.0","0.0","65","53","54"
"USC00045802","MONTEREY WEATHER FORECAST OFFICE, CA US","2017-08-13","0.00","0.0","0.0","64","53","60"
"USC00045802","MONTEREY WEATHER FORECAST OFFICE, CA US","2017-08-14","0.00","0.0","0.0","62","56","58"
"USC00045802","MONTEREY WEATHER FORECAST OFFICE, CA US","2017-08-15","0.00","0.0","0.0","64","57","58"
"USC00045802","MONTEREY WEATHER FORECAST OFFICE, CA US","2017-08-16","0.00","0.0","0.0","65","57","59"
"USC00045802","MONTEREY WEATHER FORECAST OFFICE, CA US","2017-08-17","0.00","0.0","0.0","68","57","57"
"USC00045802","MONTEREY WEATHER FORECAST OFFICE, CA US","2017-08-18","0.00","0.0","0.0","67","54","57"
"USC00045802","MONTEREY WEATHER FORECAST OFFICE, CA US","2017-08-19","0.00","0.0","0.0","68","55","59"
"USC00045802","MONTEREY WEATHER FORECAST OFFICE, CA US","2017-08-20","0.00","0.0","0.0","73","57","60"
"USC00045802","MONTEREY WEATHER FORECAST OFFICE, CA US","2017-08-21","0.00","0.0","0.0","68","56","56"
"USC00045802","MONTEREY WEATHER FORECAST OFFICE, CA US","2017-08-22","0.00","0.0","0.0","66","54","57"
"USC00045802","MONTEREY WEATHER FORECAST OFFICE, CA US","2017-08-23","0.00","0.0","0.0","62","55","55"
"USC00045802","MONTEREY WEATHER FORECAST OFFICE, CA US","2017-08-24","0.00","0.0","0.0","62","55","55"
"USC00045802","MONTEREY WEATHER FORECAST OFFICE, CA US","2017-08-25","0.00","0.0","0.0","59","52","53"
"USC00045802","MONTEREY WEATHER FORECAST OFFICE, CA US","2017-08-26","0.00","0.0","0.0","74","50","55"
"USC00045802","MONTEREY WEATHER FORECAST OFFICE, CA US","2017-08-27","0.00","0.0","0.0","73","52","56"
"USC00045802","MONTEREY WEATHER FORECAST OFFICE, CA US","2017-08-28","0.00","0.0","0.0","66","53","55"
"USC00045802","MONTEREY WEATHER FORECAST OFFICE, CA US","2017-08-29","0.00","0.0","0.0","60","54","55"
"USC00045802","MONTEREY WEATHER FORECAST OFFICE, CA US","2017-08-30","0.00","0.0","0.0","65","54","55"
"USC00045802","MONTEREY WEATHER FORECAST OFFICE, CA US","2017-09-01","0.00","0.0","0.0","101","57","71"
"USC00045802","MONTEREY WEATHER FORECAST OFFICE, CA US","2017-09-02","0.00","0.0","0.0","97","70","71"
"USC00045802","MONTEREY WEATHER FORECAST OFFICE, CA US","2017-09-03","0.00","0.0","0.0","87","65","65"
"USC00045802","MONTEREY WEATHER FORECAST OFFICE, CA US","2017-09-04","0.00","0.0","0.0","76","63","68"
"USC00045802","MONTEREY WEATHER FORECAST OFFICE, CA US","2017-09-05","0.00","0.0","0.0","82","66","67"
"USC00045802","MONTEREY WEATHER FORECAST OFFICE, CA US","2017-09-06","0.00","0.0","0.0","73","61","62"
"USC00045802","MONTEREY WEATHER FORECAST OFFICE, CA US","2017-09-07","0.00","0.0","0.0","72","60","62"
"USC00045802","MONTEREY WEATHER FORECAST OFFICE, CA US","2017-09-08","0.00","0.0","0.0","69","59","59"
"USC00045802","MONTEREY WEATHER FORECAST OFFICE, CA US","2017-09-09","0.02","0.0","0.0","69","58","58"
"USC00045802","MONTEREY WEATHER FORECAST OFFICE, CA US","2017-09-10","0.00","0.0","0.0","76","55","67"
"USC00045802","MONTEREY WEATHER FORECAST OFFICE, CA US","2017-09-11","0.03","0.0","0.0","91","65","68"
"USC00045802","MONTEREY WEATHER FORECAST OFFICE, CA US","2017-09-12","0.00","0.0","0.0","77","62","63"
"USC00045802","MONTEREY WEATHER FORECAST OFFICE, CA US","2017-09-13","0.02","0.0","0.0","67","62","62"
"USC00045802","MONTEREY WEATHER FORECAST OFFICE, CA US","2017-09-14","0.00","0.0","0.0","66","59","59"
"USC00045802","MONTEREY WEATHER FORECAST OFFICE, CA US","2017-09-15","0.00","0.0","0.0","65","56","57"
"USC00045802","MONTEREY WEATHER FORECAST OFFICE, CA US","2017-09-16","0.00","0.0","0.0","65","51","56"
"USC00045802","MONTEREY WEATHER FORECAST OFFICE, CA US","2017-09-17","0.00","0.0","0.0","65","53","60"
"USC00045802","MONTEREY WEATHER FORECAST OFFICE, CA US","2017-09-18","0.00","0.0","0.0","71","58","58"
"USC00045802","MONTEREY WEATHER FORECAST OFFICE, CA US","2017-09-19","0.00","0.0","0.0","65","55","56"
"USC00045802","MONTEREY WEATHER FORECAST OFFICE, CA US","2017-09-20","0.00","0.0","0.0","69","53","59"
"USC00045802","MONTEREY WEATHER FORECAST OFFICE, CA US","2017-09-21","0.00","0.0","0.0","63","53","53"
"USC00045802","MONTEREY WEATHER FORECAST OFFICE, CA US","2017-09-22","0.00","0.0","0.0","63","51","51"
"USC00045802","MONTEREY WEATHER FORECAST OFFICE, CA US","2017-09-23","0.00","0.0","0.0","70","48","51"
"USC00045802","MONTEREY WEATHER FORECAST OFFICE, CA US","2017-09-24","0.00","0.0","0.0","74","48","55"
"USC00045802","MONTEREY WEATHER FORECAST OFFICE, CA US","2017-09-25","0.00","0.0","0.0","72","50","57"
"USC00045802","MONTEREY WEATHER FORECAST OFFICE, CA US","2017-09-26","0.00","0.0","0.0","75","54","59"
"USC00045802","MONTEREY WEATHER FORECAST OFFICE, CA US","2017-09-27","0.00","0.0","0.0","88","59","60"
"USC00045802","MONTEREY WEATHER FORECAST OFFICE, CA US","2017-09-28","0.00","0.0","0.0","73","54","54"
"USC00045802","MONTEREY WEATHER FORECAST OFFICE, CA US","2017-09-29","0.00","0.0","0.0","63","52","56"
"USC00045802","MONTEREY WEATHER FORECAST OFFICE, CA US","2017-09-30","0.00","0.0","0.0","64","52","52"
"USC00045802","MONTEREY WEATHER FORECAST OFFICE, CA US","2017-10-01","0.00","0.0","0.0","67","48","48"
"USC00045802","MONTEREY WEATHER FORECAST OFFICE, CA US","2017-10-02","0.00","0.0","0.0","67","45","52"
"USC00045802","MONTEREY WEATHER FORECAST OFFICE, CA US","2017-10-03","0.00","0.0","0.0","63","48","48"
"USC00045802","MONTEREY WEATHER FORECAST OFFICE, CA US","2017-10-04","0.00","0.0","0.0","70","43","49"
"USC00045802","MONTEREY WEATHER FORECAST OFFICE, CA US","2017-10-05","0.00","0.0","0.0","68","43","50"
"USC00045802","MONTEREY WEATHER FORECAST OFFICE, CA US","2017-10-06","0.00","0.0","0.0","84","46","53"
"USC00045802","MONTEREY WEATHER FORECAST OFFICE, CA US","2017-10-07","0.00","0.0","0.0","67","46","52"
"USC00045802","MONTEREY WEATHER FORECAST OFFICE, CA US","2017-10-08","0.00","0.0","0.0","67","50","62"
"USC00045802","MONTEREY WEATHER FORECAST OFFICE, CA US","2017-10-09","0.00","0.0","0.0","74","54","54"
"USC00045802","MONTEREY WEATHER FORECAST OFFICE, CA US","2017-10-10","0.00","0.0","0.0","67","47","51"
"USC00045802","MONTEREY WEATHER FORECAST OFFICE, CA US","2017-10-11","0.00","0.0","0.0","59","44","45"
"USC00045802","MONTEREY WEATHER FORECAST OFFICE, CA US","2017-10-12","0.00","0.0","0.0","64","41","43"
"USC00045802","MONTEREY WEATHER FORECAST OFFICE, CA US","2017-10-13","0.00","0.0","0.0","61","40","45"
"USC00045802","MONTEREY WEATHER FORECAST OFFICE, CA US","2017-10-14","0.00","0.0","0.0","80","44","52"
"USC00045802","MONTEREY WEATHER FORECAST OFFICE, CA US","2017-10-15","0.00","0.0","0.0","82","48","65"
"USC00045802","MONTEREY WEATHER FORECAST OFFICE, CA US","2017-10-16","0.00","0.0","0.0","87","54","56"
"USC00045802","MONTEREY WEATHER FORECAST OFFICE, CA US","2017-10-17","0.00","0.0","0.0","72","50","50"
"USC00045802","MONTEREY WEATHER FORECAST OFFICE, CA US","2017-10-18","0.00","0.0","0.0","54","46","47"
"USC00045802","MONTEREY WEATHER FORECAST OFFICE, CA US","2017-10-19","0.00","0.0","0.0","62","47","60"
"USC00045802","MONTEREY WEATHER FORECAST OFFICE, CA US","2017-10-20","0.14","0.0","0.0","62","50","50"
"USC00045802","MONTEREY WEATHER FORECAST OFFICE, CA US","2017-10-21","0.00","0.0","0.0","62","46","54"
"USC00045802","MONTEREY WEATHER FORECAST OFFICE, CA US","2017-10-22","0.00","0.0","0.0","70","50","55"
"USC00045802","MONTEREY WEATHER FORECAST OFFICE, CA US","2017-10-23","0.00","0.0","0.0","89","54","68"
"USC00045802","MONTEREY WEATHER FORECAST OFFICE, CA US","2017-10-24","0.00","0.0","0.0","94","64","65"
"USC00045802","MONTEREY WEATHER FORECAST OFFICE, CA US","2017-10-25","0.00","0.0","0.0","81","58","59"
"USC00045802","MONTEREY WEATHER FORECAST OFFICE, CA US","2017-10-26","0.00","0.0","0.0","81","53","56"
"USC00045802","MONTEREY WEATHER FORECAST OFFICE, CA US","2017-10-27","0.00","0.0","0.0","66","52","52"
"USC00045802","MONTEREY WEATHER FORECAST OFFICE, CA US","2017-10-28","0.00","0.0","0.0","59","50","52"
"USC00045802","MONTEREY WEATHER FORECAST OFFICE, CA US","2017-10-29","0.00","0.0","0.0","58","51","53"
"USC00045802","MONTEREY WEATHER FORECAST OFFICE, CA US","2017-10-30","0.00","0.0","0.0","60","53","55"
"USC00045802","MONTEREY WEATHER FORECAST OFFICE, CA US","2017-10-31","0.00","0.0","0.0","64","49","50"
"USC00045802","MONTEREY WEATHER FORECAST OFFICE, CA US","2017-11-01","0.00","0.0","0.0","68","47","50"
"USC00045802","MONTEREY WEATHER FORECAST OFFICE, CA US","2017-11-02","0.00","0.0","0.0","63","48","57"
"USC00045802","MONTEREY WEATHER FORECAST OFFICE, CA US","2017-11-03","0.15","0.0","0.0","66","54","54"
"USC00045802","MONTEREY WEATHER FORECAST OFFICE, CA US","2017-11-04","0.00","0.0","0.0","65","46","46"
"USC00045802","MONTEREY WEATHER FORECAST OFFICE, CA US","2017-11-05","0.00","0.0","0.0","58","46","48"
"USC00045802","MONTEREY WEATHER FORECAST OFFICE, CA US","2017-11-06","0.00","0.0","0.0","61","43","52"
"USC00045802","MONTEREY WEATHER FORECAST OFFICE, CA US","2017-11-07","0.00","0.0","0.0","66","43","49"
"USC00045802","MONTEREY WEATHER FORECAST OFFICE, CA US","2017-11-08","0.00","0.0","0.0","64","47","64"
"USC00045802","MONTEREY WEATHER FORECAST OFFICE, CA US","2017-11-09","0.11","0.0","0.0","70","54","54"
"USC00045802","MONTEREY WEATHER FORECAST OFFICE, CA US","2017-11-10","0.01","0.0","0.0","66","49","57"
"USC00045802","MONTEREY WEATHER FORECAST OFFICE, CA US","2017-11-11","0.01","0.0","0.0","62","51","52"
"USC00045802","MONTEREY WEATHER FORECAST OFFICE, CA US","2017-11-12","0.00","0.0","0.0","63","48","51"
"USC00045802","MONTEREY WEATHER FORECAST OFFICE, CA US","2017-11-13","0.00","0.0","0.0","66","50","58"
"USC00045802","MONTEREY WEATHER FORECAST OFFICE, CA US","2017-11-14","0.02","0.0","0.0","62","53","54"
"USC00045802","MONTEREY WEATHER FORECAST OFFICE, CA US","2017-11-15","0.00","0.0","0.0","70","50","62"
"USC00045802","MONTEREY WEATHER FORECAST OFFICE, CA US","2017-11-16","0.23","0.0","0.0","70","57","57"
"USC00045802","MONTEREY WEATHER FORECAST OFFICE, CA US","2017-11-17","0.06","0.0","0.0","60","43","43"
"USC00045802","MONTEREY WEATHER FORECAST OFFICE, CA US","2017-11-18","0.00","0.0","0.0","63","40","47"
"USC00045802","MONTEREY WEATHER FORECAST OFFICE, CA US","2017-11-19","0.00","0.0","0.0","60","44","56"
"USC00045802","MONTEREY WEATHER FORECAST OFFICE, CA US","2017-11-20","0.00","0.0","0.0","68","52","57"
"USC00045802","MONTEREY WEATHER FORECAST OFFICE, CA US","2017-11-21","0.00","0.0","0.0","75","52","57"
"USC00045802","MONTEREY WEATHER FORECAST OFFICE, CA US","2017-11-22","0.00","0.0","0.0","79","53","58"
"USC00045802","MONTEREY WEATHER FORECAST OFFICE, CA US","2017-11-23","0.00","0.0","0.0","70","54","61"
"USC00045802","MONTEREY WEATHER FORECAST OFFICE, CA US","2017-11-24","0.00","0.0","0.0","69","57","57"
"USC00045802","MONTEREY WEATHER FORECAST OFFICE, CA US","2017-11-25","0.00","0.0","0.0","72","51","57"
"USC00045802","MONTEREY WEATHER FORECAST OFFICE, CA US","2017-11-26","0.11","0.0","0.0","67","53","55"
"USC00045802","MONTEREY WEATHER FORECAST OFFICE, CA US","2017-11-27","0.51","0.0","0.0","58","46","46"
"USC00045802","MONTEREY WEATHER FORECAST OFFICE, CA US","2017-11-28","0.00","0.0","0.0","59","42","50"
"USC00045802","MONTEREY WEATHER FORECAST OFFICE, CA US","2017-11-29","0.00","0.0","0.0","65","45","45"
"USC00045802","MONTEREY WEATHER FORECAST OFFICE, CA US","2017-11-30","0.00","0.0","0.0","64","41","47"
"USC00045802","MONTEREY WEATHER FORECAST OFFICE, CA US","2017-12-01","0.00","0.0","0.0","57","42","47"
"USC00045802","MONTEREY WEATHER FORECAST OFFICE, CA US","2017-12-02","0.00","0.0","0.0","59","40","51"
"USC00045802","MONTEREY WEATHER FORECAST OFFICE, CA US","2017-12-03","0.05","0.0","0.0","57","43","44"
"USC00045802","MONTEREY WEATHER FORECAST OFFICE, CA US","2017-12-04","0.00","0.0","0.0","60","41","43"
"USC00045802","MONTEREY WEATHER FORECAST OFFICE, CA US","2017-12-05","0.00","0.0","0.0","64","43","50"
"USC00045802","MONTEREY WEATHER FORECAST OFFICE, CA US","2017-12-06","0.00","0.0","0.0","65","40","45"
"USC00045802","MONTEREY WEATHER FORECAST OFFICE, CA US","2017-12-07","0.00","0.0","0.0","69","39","47"
"USC00045802","MONTEREY WEATHER FORECAST OFFICE, CA US","2017-12-08","0.00","0.0","0.0","70","43","47"
"USC00045802","MONTEREY WEATHER FORECAST OFFICE, CA US","2017-12-09","0.00","0.0","0.0","73","40","45"
"USC00045802","MONTEREY WEATHER FORECAST OFFICE, CA US","2017-12-10","0.00","0.0","0.0","74","42","57"
"USC00045802","MONTEREY WEATHER FORECAST OFFICE, CA US","2017-12-11","0.00","0.0","0.0","72","47","49"
"USC00045802","MONTEREY WEATHER FORECAST OFFICE, CA US","2017-12-12","0.00","0.0","0.0","73","44","44"
"USC00045802","MONTEREY WEATHER FORECAST OFFICE, CA US","2017-12-13","0.00","0.0","0.0","69","42","45"
"USC00045802","MONTEREY WEATHER FORECAST OFFICE, CA US","2017-12-14","0.00","0.0","0.0","66","42","47"
"USC00045802","MONTEREY WEATHER FORECAST OFFICE, CA US","2017-12-15","0.00","0.0","0.0","61","43","54"
"USC00045802","MONTEREY WEATHER FORECAST OFFICE, CA US","2017-12-16","0.00","0.0","0.0","61","46","47"
"USC00045802","MONTEREY WEATHER FORECAST OFFICE, CA US","2017-12-17","0.00","0.0","0.0","56","44","44"
"USC00045802","MONTEREY WEATHER FORECAST OFFICE, CA US","2017-12-18","0.00","0.0","0.0","62","42","44"
"USC00045802","MONTEREY WEATHER FORECAST OFFICE, CA US","2017-12-19","0.00","0.0","0.0","60","41","54"
"USC00045802","MONTEREY WEATHER FORECAST OFFICE, CA US","2017-12-20","0.15","0.0","0.0","54","39","40"
"USC00045802","MONTEREY WEATHER FORECAST OFFICE, CA US","2017-12-21","0.00","0.0","0.0","55","35","38"
"USC00045802","MONTEREY WEATHER FORECAST OFFICE, CA US","2017-12-22","0.00","0.0","0.0","56","35","43"
"USC00045802","MONTEREY WEATHER FORECAST OFFICE, CA US","2017-12-23","0.00","0.0","0.0","57","40","47"
"USC00045802","MONTEREY WEATHER FORECAST OFFICE, CA US","2017-12-24","0.00","0.0","0.0","56","45","48"
"USC00045802","MONTEREY WEATHER FORECAST OFFICE, CA US","2017-12-25","0.00","0.0","0.0","61","44","55"
"USC00045802","MONTEREY WEATHER FORECAST OFFICE, CA US","2017-12-26","0.00","0.0","0.0","58","45","47"
"USC00045802","MONTEREY WEATHER FORECAST OFFICE, CA US","2017-12-27","0.00","0.0","0.0","63","39","46"
"USC00045802","MONTEREY WEATHER FORECAST OFFICE, CA US","2017-12-28","0.00","0.0","0.0","66","37","45"
"USC00045802","MONTEREY WEATHER FORECAST OFFICE, CA US","2017-12-29","0.00","0.0","0.0","69","41","47"
"USC00045802","MONTEREY WEATHER FORECAST OFFICE, CA US","2017-12-30","0.00","0.0","0.0","64","41","47"
"USC00045802","MONTEREY WEATHER FORECAST OFFICE, CA US","2017-12-31","0.00","0.0","0.0","60","45","52"
"USC00045802","MONTEREY WEATHER FORECAST OFFICE, CA US","2018-01-01","0.00","0.0","0.0","65","46","52"
"USC00045802","MONTEREY WEATHER FORECAST OFFICE, CA US","2018-01-02","0.00","0.0","0.0","60","45","50"
"USC00045802","MONTEREY WEATHER FORECAST OFFICE, CA US","2018-01-03","0.51","0.0","0.0","60","49","54"
"USC00045802","MONTEREY WEATHER FORECAST OFFICE, CA US","2018-01-04","0.00","0.0","0.0","64","52","56"
"USC00045802","MONTEREY WEATHER FORECAST OFFICE, CA US","2018-01-05","0.01","0.0","0.0","64","54","54"
"USC00045802","MONTEREY WEATHER FORECAST OFFICE, CA US","2018-01-06","0.01","0.0","0.0","58","47","48"
"USC00045802","MONTEREY WEATHER FORECAST OFFICE, CA US","2018-01-07","0.00","0.0","0.0","64","45","54"
"USC00045802","MONTEREY WEATHER FORECAST OFFICE, CA US","2018-01-08","1.92","0.0","0.0","59","52","57"
"USC00045802","MONTEREY WEATHER FORECAST OFFICE, CA US","2018-01-09","0.19","0.0","0.0","57","53","53"
"USC00045802","MONTEREY WEATHER FORECAST OFFICE, CA US","2018-01-10","0.00","0.0","0.0","58","50","52"
"USC00045802","MONTEREY WEATHER FORECAST OFFICE, CA US","2018-01-11","0.00","0.0","0.0","62","46","51"
"USC00045802","MONTEREY WEATHER FORECAST OFFICE, CA US","2018-01-12","0.00","0.0","0.0","62","46","50"
"USC00045802","MONTEREY WEATHER FORECAST OFFICE, CA US","2018-01-13","0.00","0.0","0.0","70","42","52"
"USC00045802","MONTEREY WEATHER FORECAST OFFICE, CA US","2018-01-14","0.00","0.0","0.0","68","48","53"
"USC00045802","MONTEREY WEATHER FORECAST OFFICE, CA US","2018-01-15","0.00","0.0","0.0","61","51","52"
"USC00045802","MONTEREY WEATHER FORECAST OFFICE, CA US","2018-01-16","0.00","0.0","0.0","62","51","54"
"USC00045802","MONTEREY WEATHER FORECAST OFFICE, CA US","2018-01-17","0.00","0.0","0.0","61","48","51"
"USC00045802","MONTEREY WEATHER FORECAST OFFICE, CA US","2018-01-18","0.30","0.0","0.0","65","49","52"
"USC00045802","MONTEREY WEATHER FORECAST OFFICE, CA US","2018-01-19","0.03","0.0","0.0","56","48","50"
"USC00045802","MONTEREY WEATHER FORECAST OFFICE, CA US","2018-01-20","0.00","0.0","0.0","54","44","44"
"USC00045802","MONTEREY WEATHER FORECAST OFFICE, CA US","2018-01-21","0.00","0.0","0.0","56","39","50"
"USC00045802","MONTEREY WEATHER FORECAST OFFICE, CA US","2018-01-22","0.02","0.0","0.0","63","45","45"
"USC00045802","MONTEREY WEATHER FORECAST OFFICE, CA US","2018-01-23","0.00","0.0","0.0","60","39","45"
"USC00045802","MONTEREY WEATHER FORECAST OFFICE, CA US","2018-01-24","0.30","0.0","0.0","59","41","50"
"USC00045802","MONTEREY WEATHER FORECAST OFFICE, CA US","2018-01-25","0.14","0.0","0.0","57","43","44"
"USC00045802","MONTEREY WEATHER FORECAST OFFICE, CA US","2018-01-26","0.01","0.0","0.0","55","41","44"
"USC00045802","MONTEREY WEATHER FORECAST OFFICE, CA US","2018-01-27","0.00","0.0","0.0","60","40","50"
"USC00045802","MONTEREY WEATHER FORECAST OFFICE, CA US","2018-01-28","0.00","0.0","0.0","73","47","50"
"USC00045802","MONTEREY WEATHER FORECAST OFFICE, CA US","2018-01-29","0.00","0.0","0.0","71","46","52"
"USC00045802","MONTEREY WEATHER FORECAST OFFICE, CA US","2018-01-30","0.00","0.0","0.0","68","48","49"
"USC00045802","MONTEREY WEATHER FORECAST OFFICE, CA US","2018-01-31","0.00","0.0","0.0","64","45","51"
"USC00045802","MONTEREY WEATHER FORECAST OFFICE, CA US","2018-02-01","0.00",,,"73","48","54"
"USC00045802","MONTEREY WEATHER FORECAST OFFICE, CA US","2018-02-02","0.00",,,"75","52","55"
"USC00045802","MONTEREY WEATHER FORECAST OFFICE, CA US","2018-02-03","0.00",,,"74","51","57"
"USC00045802","MONTEREY WEATHER FORECAST OFFICE, CA US","2018-02-04","0.00",,,"75","51","56"
"USC00045802","MONTEREY WEATHER FORECAST OFFICE, CA US","2018-02-05","0.00",,,"75","50","56"
"USC00045802","MONTEREY WEATHER FORECAST OFFICE, CA US","2018-02-06","0.00",,,"72","52","53"
"USC00045802","MONTEREY WEATHER FORECAST OFFICE, CA US","2018-02-07","0.00",,,"71","46","48"
"USC00045802","MONTEREY WEATHER FORECAST OFFICE, CA US","2018-02-08","0.00","0.0","0.0","71","46","53"
"USC00045802","MONTEREY WEATHER FORECAST OFFICE, CA US","2018-02-09","0.00","0.0","0.0","72","51","55"
"USC00045802","MONTEREY WEATHER FORECAST OFFICE, CA US","2018-02-10","0.00","0.0","0.0","60","47","48"
"USC00045802","MONTEREY WEATHER FORECAST OFFICE, CA US","2018-02-11","0.00","0.0","0.0","61","41","51"
"USC00045802","MONTEREY WEATHER FORECAST OFFICE, CA US","2018-02-12","0.00","0.0","0.0","56","45","46"
"USC00045802","MONTEREY WEATHER FORECAST OFFICE, CA US","2018-02-13","0.00","0.0","0.0","62","39","45"
"USC00045802","MONTEREY WEATHER FORECAST OFFICE, CA US","2018-02-14","0.00","0.0","0.0","62","43","51"
"USC00045802","MONTEREY WEATHER FORECAST OFFICE, CA US","2018-02-15","0.00","0.0","0.0","60","42","47"
"USC00045802","MONTEREY WEATHER FORECAST OFFICE, CA US","2018-02-16","0.00","0.0","0.0","65","38","46"
"USC00045802","MONTEREY WEATHER FORECAST OFFICE, CA US","2018-02-17","0.00","0.0","0.0","66","43","52"
"USC00045802","MONTEREY WEATHER FORECAST OFFICE, CA US","2018-02-18","0.04","0.0","0.0","55","45","46"
"USC00045802","MONTEREY WEATHER FORECAST OFFICE, CA US","2018-02-19","0.02","0.0","0.0","50","40","40"
"USC00045802","MONTEREY WEATHER FORECAST OFFICE, CA US","2018-02-20","0.00","0.0","0.0","52","35","40"
"USC00045802","MONTEREY WEATHER FORECAST OFFICE, CA US","2018-02-21","0.00","0.0","0.0","55","39","45"
"USC00045802","MONTEREY WEATHER FORECAST OFFICE, CA US","2018-02-22","0.03","0.0","0.0","53","41","47"
"USC00045802","MONTEREY WEATHER FORECAST OFFICE, CA US","2018-02-23","0.00","0.0","0.0","51","36","40"
"USC00045802","MONTEREY WEATHER FORECAST OFFICE, CA US","2018-02-24","0.00","0.0","0.0","54","35","48"
"USC00045802","MONTEREY WEATHER FORECAST OFFICE, CA US","2018-02-25","0.00","0.0","0.0","56","37","45"
"USC00045802","MONTEREY WEATHER FORECAST OFFICE, CA US","2018-02-26","0.25","0.0","0.0","52","43","44"
"USC00045802","MONTEREY WEATHER FORECAST OFFICE, CA US","2018-02-27","0.01","0.0","0.0","53","42","42"
"USC00045802","MONTEREY WEATHER FORECAST OFFICE, CA US","2018-02-28","0.00","0.0","0.0","58","37","53"
"USC00045802","MONTEREY WEATHER FORECAST OFFICE, CA US","2018-03-01","1.05","0.0","0.0","58","48","48"
"USC00045802","MONTEREY WEATHER FORECAST OFFICE, CA US","2018-03-02","0.39","0.0","0.0","60","46","46"
"USC00045802","MONTEREY WEATHER FORECAST OFFICE, CA US","2018-03-03","0.08",,,"53","40","42"
"USC00045802","MONTEREY WEATHER FORECAST OFFICE, CA US","2018-03-04","0.04",,,"54","39","41"
"USC00045802","MONTEREY WEATHER FORECAST OFFICE, CA US","2018-03-05","0.00",,,"64","37","48"
"USC00045802","MONTEREY WEATHER FORECAST OFFICE, CA US","2018-03-06","0.00",,,"68","42","52"
"USC00045802","MONTEREY WEATHER FORECAST OFFICE, CA US","2018-03-07","0.00",,,"65","49","52"
"USC00045802","MONTEREY WEATHER FORECAST OFFICE, CA US","2018-03-08","0.00",,,"66","48","52"
"USC00045802","MONTEREY WEATHER FORECAST OFFICE, CA US","2018-03-09","0.00","0.0","0.0","59","48","51"
"USC00045802","MONTEREY WEATHER FORECAST OFFICE, CA US","2018-03-10","0.06","0.0","0.0","58","46","46"
"USC00045802","MONTEREY WEATHER FORECAST OFFICE, CA US","2018-03-11","0.00","0.0","0.0","69","44","52"
"USC00045802","MONTEREY WEATHER FORECAST OFFICE, CA US","2018-03-12","0.07","0.0","0.0","66","46","57"
"USC00045802","MONTEREY WEATHER FORECAST OFFICE, CA US","2018-03-13","0.26","0.0","0.0","62","50","51"
"USC00045802","MONTEREY WEATHER FORECAST OFFICE, CA US","2018-03-14","0.17","0.0","0.0","57","47","50"
"USC00045802","MONTEREY WEATHER FORECAST OFFICE, CA US","2018-03-15","0.16","0.0","0.0","59","43","51"
"USC00045802","MONTEREY WEATHER FORECAST OFFICE, CA US","2018-03-16","0.60","0.0","0.0","55","44","44"
"USC00045802","MONTEREY WEATHER FORECAST OFFICE, CA US","2018-03-17","0.19","0.0","0.0","56","42","44"
"USC00045802","MONTEREY WEATHER FORECAST OFFICE, CA US","2018-03-18","0.00","0.0","0.0","58","39","44"
"USC00045802","MONTEREY WEATHER FORECAST OFFICE, CA US","2018-03-19","0.00","0.0","0.0","67","40","51"
"USC00045802","MONTEREY WEATHER FORECAST OFFICE, CA US","2018-03-20","0.79","0.0","0.0","56","50","53"
"USC00045802","MONTEREY WEATHER FORECAST OFFICE, CA US","2018-03-21","0.12","0.0","0.0","71","52","58"
"USC00045802","MONTEREY WEATHER FORECAST OFFICE, CA US","2018-03-22","0.51","0.0","0.0","61","48","48"
"USC00045802","MONTEREY WEATHER FORECAST OFFICE, CA US","2018-03-23","0.00","0.0","0.0","57","43","47"
"USC00045802","MONTEREY WEATHER FORECAST OFFICE, CA US","2018-03-24","0.20","0.0","0.0","57","45","48"
"USC00045802","MONTEREY WEATHER FORECAST OFFICE, CA US","2018-03-25","0.05","0.0","0.0","56","41","50"
"USC00045802","MONTEREY WEATHER FORECAST OFFICE, CA US","2018-03-26","0.00","0.0","0.0","57","43","50"
"USC00045802","MONTEREY WEATHER FORECAST OFFICE, CA US","2018-03-27","0.00","0.0","0.0","63","42","49"
"USC00045802","MONTEREY WEATHER FORECAST OFFICE, CA US","2018-03-28","0.00","0.0","0.0","66","45","54"
"USC00045802","MONTEREY WEATHER FORECAST OFFICE, CA US","2018-03-29","0.00","0.0","0.0","81","49","55"
"USC00045802","MONTEREY WEATHER FORECAST OFFICE, CA US","2018-03-30","0.00","0.0","0.0","81","52","56"
"USC00045802","MONTEREY WEATHER FORECAST OFFICE, CA US","2018-03-31","0.00",,,"63","50","51"
"USC00045802","MONTEREY WEATHER FORECAST OFFICE, CA US","2018-04-01","0.00","0.0","0.0","63","48","53"
"USC00045802","MONTEREY WEATHER FORECAST OFFICE, CA US","2018-04-02","0.00","0.0","0.0","60","49","49"
"USC00045802","MONTEREY WEATHER FORECAST OFFICE, CA US","2018-04-03","0.00","0.0","0.0","62","45","50"
"USC00045802","MONTEREY WEATHER FORECAST OFFICE, CA US","2018-04-04","0.00","0.0","0.0","61","49","54"
"USC00045802","MONTEREY WEATHER FORECAST OFFICE, CA US","2018-04-05","0.02","0.0","0.0","64","47","55"
"USC00045802","MONTEREY WEATHER FORECAST OFFICE, CA US","2018-04-06","0.36","0.0","0.0","66","55","60"
"USC00045802","MONTEREY WEATHER FORECAST OFFICE, CA US","2018-04-07","0.98","0.0","0.0","63","52","52"
"USC00045802","MONTEREY WEATHER FORECAST OFFICE, CA US","2018-04-08","0.00","0.0","0.0","61","49","50"
"USC00045802","MONTEREY WEATHER FORECAST OFFICE, CA US","2018-04-09","0.00","0.0","0.0","81","47","58"
"USC00045802","MONTEREY WEATHER FORECAST OFFICE, CA US","2018-04-10","0.01","0.0","0.0","65","52","52"
"USC00045802","MONTEREY WEATHER FORECAST OFFICE, CA US","2018-04-11","0.26","0.0","0.0","61","46","50"
"USC00045802","MONTEREY WEATHER FORECAST OFFICE, CA US","2018-04-12","0.01","0.0","0.0","58","48","50"
"USC00045802","MONTEREY WEATHER FORECAST OFFICE, CA US","2018-04-13","0.00","0.0","0.0","61","43","49"
"USC00045802","MONTEREY WEATHER FORECAST OFFICE, CA US","2018-04-14","0.00","0.0","0.0","64","46","53"
"USC00045802","MONTEREY WEATHER FORECAST OFFICE, CA US","2018-04-15","0.22","0.0","0.0","61","48","50"
"USC00045802","MONTEREY WEATHER FORECAST OFFICE, CA US","2018-04-16","0.47","0.0","0.0","56","44","50"
"USC00045802","MONTEREY WEATHER FORECAST OFFICE, CA US","2018-04-17","0.00","0.0","0.0","58","42","47"
"USC00045802","MONTEREY WEATHER FORECAST OFFICE, CA US","2018-04-18","0.00","0.0","0.0","57","45","49"
"USC00045802","MONTEREY WEATHER FORECAST OFFICE, CA US","2018-04-19","0.00","0.0","0.0","58","44","51"
"USC00045802","MONTEREY WEATHER FORECAST OFFICE, CA US","2018-04-20","0.00","0.0","0.0","59","44","50"
"USC00045802","MONTEREY WEATHER FORECAST OFFICE, CA US","2018-04-21","0.00","0.0","0.0","64","49","53"
"USC00045802","MONTEREY WEATHER FORECAST OFFICE, CA US","2018-04-22","0.00","0.0","0.0","68","50","50"
"USC00045802","MONTEREY WEATHER FORECAST OFFICE, CA US","2018-04-23","0.00","0.0","0.0","63","45","52"
"USC00045802","MONTEREY WEATHER FORECAST OFFICE, CA US","2018-04-24","0.00","0.0","0.0","60","48","52"
"USC00045802","MONTEREY WEATHER FORECAST OFFICE, CA US","2018-04-25","0.00","0.0","0.0","59","51","53"
"USC00045802","MONTEREY WEATHER FORECAST OFFICE, CA US","2018-04-26","0.00","0.0","0.0","60","51","54"
"USC00045802","MONTEREY WEATHER FORECAST OFFICE, CA US","2018-04-27","0.00","0.0","0.0","65","49","54"
"USC00045802","MONTEREY WEATHER FORECAST OFFICE, CA US","2018-04-28","0.00","0.0","0.0","63","49","52"
"USC00045802","MONTEREY WEATHER FORECAST OFFICE, CA US","2018-04-29","0.00","0.0","0.0","60","52","53"
"USC00045802","MONTEREY WEATHER FORECAST OFFICE, CA US","2018-04-30","0.00","0.0","0.0","59","51","51"
"USC00045802","MONTEREY WEATHER FORECAST OFFICE, CA US","2018-05-01","0.00","0.0","0.0","58","51","53"
"USC00045802","MONTEREY WEATHER FORECAST OFFICE, CA US","2018-05-02","0.00","0.0","0.0","61","52","53"
"USC00045802","MONTEREY WEATHER FORECAST OFFICE, CA US","2018-05-03","0.00","0.0","0.0","58","50","50"
"USC00045802","MONTEREY WEATHER FORECAST OFFICE, CA US","2018-05-04","0.00","0.0","0.0","64","48","51"
"USC00045802","MONTEREY WEATHER FORECAST OFFICE, CA US","2018-05-05","0.00","0.0","0.0","60","49","52"
"USC00045802","MONTEREY WEATHER FORECAST OFFICE, CA US","2018-05-06","0.00","0.0","0.0","61","50","52"
"USC00045802","MONTEREY WEATHER FORECAST OFFICE, CA US","2018-05-07","0.00","0.0","0.0","65","48","52"
"USC00045802","MONTEREY WEATHER FORECAST OFFICE, CA US","2018-05-08","0.00","0.0","0.0","64","51","55"
"USC00045802","MONTEREY WEATHER FORECAST OFFICE, CA US","2018-05-09","0.00","0.0","0.0","63","53","54"
"USC00045802","MONTEREY WEATHER FORECAST OFFICE, CA US","2018-05-10","0.00","0.0","0.0","60","51","53"
"USC00045802","MONTEREY WEATHER FORECAST OFFICE, CA US","2018-05-11","0.00","0.0","0.0","64","51","54"
"USC00045802","MONTEREY WEATHER FORECAST OFFICE, CA US","2018-05-12","0.00","0.0","0.0","69","48","55"
"USC00045802","MONTEREY WEATHER FORECAST OFFICE, CA US","2018-05-13","0.00","0.0","0.0","65","51","51"
"USC00045802","MONTEREY WEATHER FORECAST OFFICE, CA US","2018-05-14","0.00","0.0","0.0","62","50","55"
"USC00045802","MONTEREY WEATHER FORECAST OFFICE, CA US","2018-05-15","0.00","0.0","0.0","64","52","52"
"USC00045802","MONTEREY WEATHER FORECAST OFFICE, CA US","2018-05-16","0.00","0.0","0.0","66","49","53"
"USC00045802","MONTEREY WEATHER FORECAST OFFICE, CA US","2018-05-17","0.00","0.0","0.0","61","51","54"
"USC00045802","MONTEREY WEATHER FORECAST OFFICE, CA US","2018-05-18","0.00","0.0","0.0","59","52","53"
"USC00045802","MONTEREY WEATHER FORECAST OFFICE, CA US","2018-05-19","0.00","0.0","0.0","58","52","53"
"USC00045802","MONTEREY WEATHER FORECAST OFFICE, CA US","2018-05-20","0.00","0.0","0.0","59","52","52"
"USC00045802","MONTEREY WEATHER FORECAST OFFICE, CA US","2018-05-21","0.00","0.0","0.0","57","52","52"
"USC00045802","MONTEREY WEATHER FORECAST OFFICE, CA US","2018-05-22","0.03","0.0","0.0","59","52","52"
"USC00045802","MONTEREY WEATHER FORECAST OFFICE, CA US","2018-05-23","0.02","0.0","0.0","61","52","54"
"USC00045802","MONTEREY WEATHER FORECAST OFFICE, CA US","2018-05-24","0.02","0.0","0.0","60","53","53"
"USC00045802","MONTEREY WEATHER FORECAST OFFICE, CA US","2018-05-25","0.00","0.0","0.0","65","53","53"
"USC00045802","MONTEREY WEATHER FORECAST OFFICE, CA US","2018-05-26","0.04","0.0","0.0","58","53","54"
"USC00045802","MONTEREY WEATHER FORECAST OFFICE, CA US","2018-05-27","0.00","0.0","0.0","63","49","53"
"USC00045802","MONTEREY WEATHER FORECAST OFFICE, CA US","2018-05-28","0.00","0.0","0.0","76","51","55"
"USC00045802","MONTEREY WEATHER FORECAST OFFICE, CA US","2018-05-29","0.00","0.0","0.0","65","53","54"
"USC00045802","MONTEREY WEATHER FORECAST OFFICE, CA US","2018-05-30","0.00","0.0","0.0","59","53","54"
"USC00045802","MONTEREY WEATHER FORECAST OFFICE, CA US","2018-05-31","0.00","0.0","0.0","60","51","51"
"USC00045802","MONTEREY WEATHER FORECAST OFFICE, CA US","2018-06-01","0.00","0.0","0.0","64","47","53"
"USC00045802","MONTEREY WEATHER FORECAST OFFICE, CA US","2018-06-02","0.00","0.0","0.0","68","49","56"
"USC00045802","MONTEREY WEATHER FORECAST OFFICE, CA US","2018-06-03","0.00","0.0","0.0","68","51","53"
"USC00045802","MONTEREY WEATHER FORECAST OFFICE, CA US","2018-06-04","0.00","0.0","0.0","64","49","53"
"USC00045802","MONTEREY WEATHER FORECAST OFFICE, CA US","2018-06-05","0.00","0.0","0.0","61","52","53"
"USC00045802","MONTEREY WEATHER FORECAST OFFICE, CA US","2018-06-06","0.00","0.0","0.0","63","53","53"
"USC00045802","MONTEREY WEATHER FORECAST OFFICE, CA US","2018-06-07","0.00","0.0","0.0","63","53","53"
"USC00045802","MONTEREY WEATHER FORECAST OFFICE, CA US","2018-06-08","0.00","0.0","0.0","66","51","56"
"USC00045802","MONTEREY WEATHER FORECAST OFFICE, CA US","2018-06-09","0.00","0.0","0.0","64","52","52"
"USC00045802","MONTEREY WEATHER FORECAST OFFICE, CA US","2018-06-10","0.00","0.0","0.0","62","44","53"
"USC00045802","MONTEREY WEATHER FORECAST OFFICE, CA US","2018-06-11","0.00","0.0","0.0","61","49","54"
"USC00045802","MONTEREY WEATHER FORECAST OFFICE, CA US","2018-06-12","0.00","0.0","0.0","63","49","53"
"USC00045802","MONTEREY WEATHER FORECAST OFFICE, CA US","2018-06-13","0.00","0.0","0.0","67","52","55"
"USC00045802","MONTEREY WEATHER FORECAST OFFICE, CA US","2018-06-14","0.00","0.0","0.0","64","53","55"
"USC00045802","MONTEREY WEATHER FORECAST OFFICE, CA US","2018-06-15","0.00","0.0","0.0","60","54","55"
"USC00045802","MONTEREY WEATHER FORECAST OFFICE, CA US","2018-06-16","0.00","0.0","0.0","68","54","54"
"USC00045802","MONTEREY WEATHER FORECAST OFFICE, CA US","2018-06-17","0.00","0.0","0.0","66","54","54"
"USC00045802","MONTEREY WEATHER FORECAST OFFICE, CA US","2018-06-18","0.00","0.0","0.0","66","52","53"
"USC00045802","MONTEREY WEATHER FORECAST OFFICE, CA US","2018-06-19","0.00","0.0","0.0","61","52","52"
"USC00045802","MONTEREY WEATHER FORECAST OFFICE, CA US","2018-06-20","0.00","0.0","0.0","61","52","53"
"USC00045802","MONTEREY WEATHER FORECAST OFFICE, CA US","2018-06-21","0.00","0.0","0.0","63","51","55"
"USC00045802","MONTEREY WEATHER FORECAST OFFICE, CA US","2018-06-22","0.00","0.0","0.0","66","51","54"
"USC00045802","MONTEREY WEATHER FORECAST OFFICE, CA US","2018-06-23","0.00","0.0","0.0","76","49","56"
"USC00045802","MONTEREY WEATHER FORECAST OFFICE, CA US","2018-06-24","0.00","0.0","0.0","73","56","60"
"USC00045802","MONTEREY WEATHER FORECAST OFFICE, CA US","2018-06-25","0.00","0.0","0.0","64","55","55"
"USC00045802","MONTEREY WEATHER FORECAST OFFICE, CA US","2018-06-26","0.00","0.0","0.0","66","53","56"
"USC00045802","MONTEREY WEATHER FORECAST OFFICE, CA US","2018-06-27","0.00","0.0","0.0","61","55","56"
"USC00045802","MONTEREY WEATHER FORECAST OFFICE, CA US","2018-06-28","0.00","0.0","0.0","64","54","55"
"USC00045802","MONTEREY WEATHER FORECAST OFFICE, CA US","2018-06-29","0.00","0.0","0.0","72","54","55"
"USC00045802","MONTEREY WEATHER FORECAST OFFICE, CA US","2018-06-30","0.00","0.0","0.0","73","51","55"
"USC00045802","MONTEREY WEATHER FORECAST OFFICE, CA US","2018-07-01","0.00","0.0","0.0","75","55","59"
"USC00045802","MONTEREY WEATHER FORECAST OFFICE, CA US","2018-07-02","0.00","0.0","0.0","67","56","56"
"USC00045802","MONTEREY WEATHER FORECAST OFFICE, CA US","2018-07-03","0.00","0.0","0.0","67","55","58"
"USC00045802","MONTEREY WEATHER FORECAST OFFICE, CA US","2018-07-04","0.00","0.0","0.0","66","55","55"
"USC00045802","MONTEREY WEATHER FORECAST OFFICE, CA US","2018-07-05","0.00","0.0","0.0","65","53","59"
"USC00045802","MONTEREY WEATHER FORECAST OFFICE, CA US","2018-07-06","0.00","0.0","0.0","75","59","59"
"USC00045802","MONTEREY WEATHER FORECAST OFFICE, CA US","2018-07-07","0.00","0.0","0.0","71","56","57"
"USC00045802","MONTEREY WEATHER FORECAST OFFICE, CA US","2018-07-08","0.00","0.0","0.0","71","54","58"
"USC00045802","MONTEREY WEATHER FORECAST OFFICE, CA US","2018-07-09","0.00","0.0","0.0","74","52","59"
"USC00045802","MONTEREY WEATHER FORECAST OFFICE, CA US","2018-07-10","0.00","0.0","0.0","73","54","57"
"USC00045802","MONTEREY WEATHER FORECAST OFFICE, CA US","2018-07-11","0.00","0.0","0.0","70","55","58"
"USC00045802","MONTEREY WEATHER FORECAST OFFICE, CA US","2018-07-12","0.00",,,"68","56","58"
"USC00045802","MONTEREY WEATHER FORECAST OFFICE, CA US","2018-07-13","0.00",,,"73","58","59"
"USC00045802","MONTEREY WEATHER FORECAST OFFICE, CA US","2018-07-14","0.00",,,"67","55","55"
"USC00045802","MONTEREY WEATHER FORECAST OFFICE, CA US","2018-07-15","0.02","0.0","0.0","67","54","58"
"USC00045802","MONTEREY WEATHER FORECAST OFFICE, CA US","2018-07-16","0.00","0.0","0.0","67","57","58"
"USC00045802","MONTEREY WEATHER FORECAST OFFICE, CA US","2018-07-17","0.00","0.0","0.0","65","56","56"
"USC00045802","MONTEREY WEATHER FORECAST OFFICE, CA US","2018-07-18","0.00","0.0","0.0","68","54","57"
"USC00045802","MONTEREY WEATHER FORECAST OFFICE, CA US","2018-07-19","0.00","0.0","0.0","72","55","58"
"USC00045802","MONTEREY WEATHER FORECAST OFFICE, CA US","2018-07-20","0.00","0.0","0.0","70","57","60"
"USC00045802","MONTEREY WEATHER FORECAST OFFICE, CA US","2018-07-21","0.00","0.0","0.0","72","59","60"
"USC00045802","MONTEREY WEATHER FORECAST OFFICE, CA US","2018-07-22","0.00","0.0","0.0","69","58","61"
"USC00045802","MONTEREY WEATHER FORECAST OFFICE, CA US","2018-07-23","0.00","0.0","0.0","67","57","58"
"USC00045802","MONTEREY WEATHER FORECAST OFFICE, CA US","2018-07-24","0.00","0.0","0.0","68","55","57"
"USC00045802","MONTEREY WEATHER FORECAST OFFICE, CA US","2018-07-25","0.00","0.0","0.0","69","55","56"
"USC00045802","MONTEREY WEATHER FORECAST OFFICE, CA US","2018-07-26","0.00","0.0","0.0","64","55","56"
"USC00045802","MONTEREY WEATHER FORECAST OFFICE, CA US","2018-07-27","0.00","0.0","0.0","63","55","56"
"USC00045802","MONTEREY WEATHER FORECAST OFFICE, CA US","2018-07-28","0.00","0.0","0.0","62","54","54"
"USC00045802","MONTEREY WEATHER FORECAST OFFICE, CA US","2018-07-29","0.00","0.0","0.0","63","53","55"
"USC00045802","MONTEREY WEATHER FORECAST OFFICE, CA US","2018-07-30","0.00",,,"63","53","54"
"USC00045802","MONTEREY WEATHER FORECAST OFFICE, CA US","2018-07-31","0.00",,,"63","52","54"
"USC00045802","MONTEREY WEATHER FORECAST OFFICE, CA US","2018-08-01","0.00","0.0","0.0","62","53","54"
"USC00045802","MONTEREY WEATHER FORECAST OFFICE, CA US","2018-08-02","0.00","0.0","0.0","65","52","55"
"USC00045802","MONTEREY WEATHER FORECAST OFFICE, CA US","2018-08-03","0.00","0.0","0.0","63","53","55"
"USC00045802","MONTEREY WEATHER FORECAST OFFICE, CA US","2018-08-04","0.00","0.0","0.0","68","51","56"
"USC00045802","MONTEREY WEATHER FORECAST OFFICE, CA US","2018-08-05","0.00","0.0","0.0","66","53","53"
"USC00045802","MONTEREY WEATHER FORECAST OFFICE, CA US","2018-08-06","0.00","0.0","0.0","73","49","54"
"USC00045802","MONTEREY WEATHER FORECAST OFFICE, CA US","2018-08-07","0.00","0.0","0.0","61","51","54"
"USC00045802","MONTEREY WEATHER FORECAST OFFICE, CA US","2018-08-08","0.00","0.0","0.0","63","52","52"
"USC00045802","MONTEREY WEATHER FORECAST OFFICE, CA US","2018-08-09","0.00","0.0","0.0","65","50","53"
"USC00045802","MONTEREY WEATHER FORECAST OFFICE, CA US","2018-08-10","0.00","0.0","0.0","65","51","55"
"USC00045802","MONTEREY WEATHER FORECAST OFFICE, CA US","2018-08-11","0.00","0.0","0.0","69","51","57"
"USC00045802","MONTEREY WEATHER FORECAST OFFICE, CA US","2018-08-12","0.00","0.0","0.0","73","53","56"
"USC00045802","MONTEREY WEATHER FORECAST OFFICE, CA US","2018-08-13","0.00","0.0","0.0","63","55","56"
"USC00045802","MONTEREY WEATHER FORECAST OFFICE, CA US","2018-08-14","0.01","0.0","0.0","65","55","58"
"USC00045802","MONTEREY WEATHER FORECAST OFFICE, CA US","2018-08-15","0.00","0.0","0.0","68","56","58"
"USC00045802","MONTEREY WEATHER FORECAST OFFICE, CA US","2018-08-16","0.00","0.0","0.0","69","55","58"
"USC00045802","MONTEREY WEATHER FORECAST OFFICE, CA US","2018-08-17","0.00","0.0","0.0","67","56","56"
"USC00045802","MONTEREY WEATHER FORECAST OFFICE, CA US","2018-08-18","0.00","0.0","0.0","70","55","56"
"USC00045802","MONTEREY WEATHER FORECAST OFFICE, CA US","2018-08-19","0.00","0.0","0.0","64","54","56"
"USC00045802","MONTEREY WEATHER FORECAST OFFICE, CA US","2018-08-20","0.00","0.0","0.0","66","55","58"
"USC00045802","MONTEREY WEATHER FORECAST OFFICE, CA US","2018-08-21","0.00","0.0","0.0","67","57","61"
"USC00045802","MONTEREY WEATHER FORECAST OFFICE, CA US","2018-08-22","0.00","0.0","0.0","71","61","61"
"USC00045802","MONTEREY WEATHER FORECAST OFFICE, CA US","2018-08-23","0.00","0.0","0.0","68","60","62"
"USC00045802","MONTEREY WEATHER FORECAST OFFICE, CA US","2018-08-24","0.00","0.0","0.0","69","59","59"
"USC00045802","MONTEREY WEATHER FORECAST OFFICE, CA US","2018-08-25","0.00","0.0","0.0","66","56","57"
"USC00045802","MONTEREY WEATHER FORECAST OFFICE, CA US","2018-08-26","0.00","0.0","0.0","67","56","59"
"USC00045802","MONTEREY WEATHER FORECAST OFFICE, CA US","2018-08-27","0.00","0.0","0.0","67","57","58"
"USC00045802","MONTEREY WEATHER FORECAST OFFICE, CA US","2018-08-28","0.00","0.0","0.0","69","56","56"
"USC00045802","MONTEREY WEATHER FORECAST OFFICE, CA US","2018-08-29","0.00","0.0","0.0","72","54","59"
"USC00045802","MONTEREY WEATHER FORECAST OFFICE, CA US","2018-08-30","0.00","0.0","0.0","67","59","59"
"USC00045802","MONTEREY WEATHER FORECAST OFFICE, CA US","2018-08-31","0.00","0.0","0.0","66","58","58"
"USC00045802","MONTEREY WEATHER FORECAST OFFICE, CA US","2018-09-01","0.00","0.0","0.0","64","57","57"
"USC00045802","MONTEREY WEATHER FORECAST OFFICE, CA US","2018-09-02","0.00","0.0","0.0","64","55","57"
"USC00045802","MONTEREY WEATHER FORECAST OFFICE, CA US","2018-09-03","0.00","0.0","0.0","66","56","57"
"USC00045802","MONTEREY WEATHER FORECAST OFFICE, CA US","2018-09-04","0.00","0.0","0.0","67","56","57"
"USC00045802","MONTEREY WEATHER FORECAST OFFICE, CA US","2018-09-05","0.00","0.0","0.0","64","56","58"
"USC00045802","MONTEREY WEATHER FORECAST OFFICE, CA US","2018-09-06","0.00","0.0","0.0","63","56","56"
"USC00045802","MONTEREY WEATHER FORECAST OFFICE, CA US","2018-09-07","0.00","0.0","0.0","62","54","55"
"USC00045802","MONTEREY WEATHER FORECAST OFFICE, CA US","2018-09-08","0.00","0.0","0.0","69","52","56"
"USC00045802","MONTEREY WEATHER FORECAST OFFICE, CA US","2018-09-09","0.00","0.0","0.0","64","55","56"
"USC00045802","MONTEREY WEATHER FORECAST OFFICE, CA US","2018-09-10","0.00",,,"68","55","56"
"USC00045802","MONTEREY WEATHER FORECAST OFFICE, CA US","2018-09-11","0.00",,,"67","50","56"
"USC00045802","MONTEREY WEATHER FORECAST OFFICE, CA US","2018-09-12","0.00",,,"66","51","57"
"USC00045802","MONTEREY WEATHER FORECAST OFFICE, CA US","2018-09-13","0.00",,,"65","55","56"
"USC00045802","MONTEREY WEATHER FORECAST OFFICE, CA US","2018-09-14","0.00",,,"64","53","56"
"USC00045802","MONTEREY WEATHER FORECAST OFFICE, CA US","2018-09-15","0.00",,,"66","54","54"
"USC00045802","MONTEREY WEATHER FORECAST OFFICE, CA US","2018-09-16","0.00",,,"67","48","56"
"USC00045802","MONTEREY WEATHER FORECAST OFFICE, CA US","2018-09-17","0.00",,,"65","54","56"
"USC00045802","MONTEREY WEATHER FORECAST OFFICE, CA US","2018-09-18","0.00",,,"61","54","55"
"USC00045802","MONTEREY WEATHER FORECAST OFFICE, CA US","2018-09-19","0.00",,,"63","53","53"
"USC00045802","MONTEREY WEATHER FORECAST OFFICE, CA US","2018-09-20","0.00",,,"69","50","54"
"USC00045802","MONTEREY WEATHER FORECAST OFFICE, CA US","2018-09-21","0.00",,,"71","51","56"
"USC00045802","MONTEREY WEATHER FORECAST OFFICE, CA US","2018-09-22","0.00",,,"63","52","53"
"USC00045802","MONTEREY WEATHER FORECAST OFFICE, CA US","2018-09-23","0.00",,,"64","47","53"
"USC00045802","MONTEREY WEATHER FORECAST OFFICE, CA US","2018-09-24","0.00",,,"64","49","53"
"USC00045802","MONTEREY WEATHER FORECAST OFFICE, CA US","2018-09-25","0.00",,,"66","52","54"
"USC00045802","MONTEREY WEATHER FORECAST OFFICE, CA US","2018-09-26","0.00",,,"65","53","56"
"USC00045802","MONTEREY WEATHER FORECAST OFFICE, CA US","2018-09-27","0.00",,,"63","54","57"
"USC00045802","MONTEREY WEATHER FORECAST OFFICE, CA US","2018-09-28","0.00",,,"65","56","61"
"USC00045802","MONTEREY WEATHER FORECAST OFFICE, CA US","2018-09-29","0.00",,,"71","58","60"
"USC00045802","MONTEREY WEATHER FORECAST OFFICE, CA US","2018-09-30","0.00",,,"73","57","58"
"USC00045802","MONTEREY WEATHER FORECAST OFFICE, CA US","2018-10-01","0.00",,,"76","54","59"
"USC00045802","MONTEREY WEATHER FORECAST OFFICE, CA US","2018-10-02","0.00",,,"77","58","64"
"USC00045802","MONTEREY WEATHER FORECAST OFFICE, CA US","2018-10-03","0.16",,,"72","62","62"
"USC00045802","MONTEREY WEATHER FORECAST OFFICE, CA US","2018-10-04","0.04",,,"69","57","58"
"USC00045802","MONTEREY WEATHER FORECAST OFFICE, CA US","2018-10-05","0.00",,,"65","56","59"
"USC00045802","MONTEREY WEATHER FORECAST OFFICE, CA US","2018-10-06","0.00",,,"66","56","56"
"USC00045802","MONTEREY WEATHER FORECAST OFFICE, CA US","2018-10-07","0.00",,,"72","53","55"
"USC00045802","MONTEREY WEATHER FORECAST OFFICE, CA US","2018-10-08","0.00",,,"73","53","55"
"USC00045802","MONTEREY WEATHER FORECAST OFFICE, CA US","2018-10-09","0.00",,,"69","54","54"
"USC00045802","MONTEREY WEATHER FORECAST OFFICE, CA US","2018-10-10","0.00",,,"65","54","60"
"USC00045802","MONTEREY WEATHER FORECAST OFFICE, CA US","2018-10-11","0.00",,,"69","55","55"
"USC00045802","MONTEREY WEATHER FORECAST OFFICE, CA US","2018-10-12","0.00",,,"76","55","60"
"USC00045802","MONTEREY WEATHER FORECAST OFFICE, CA US","2018-10-13","0.00",,,"71","54","59"
"USC00045802","MONTEREY WEATHER FORECAST OFFICE, CA US","2018-10-14","0.00",,,"67","52","53"
"USC00045802","MONTEREY WEATHER FORECAST OFFICE, CA US","2018-10-15","0.00",,,"78","51","56"
"USC00045802","MONTEREY WEATHER FORECAST OFFICE, CA US","2018-10-16","0.00",,,"72","52","53"
"USC00045802","MONTEREY WEATHER FORECAST OFFICE, CA US","2018-10-17","0.00",,,"67","49","53"
"USC00045802","MONTEREY WEATHER FORECAST OFFICE, CA US","2018-10-18","0.00",,,"63","51","52"
"USC00045802","MONTEREY WEATHER FORECAST OFFICE, CA US","2018-10-19","0.00",,,"66","41","53"
"USC00045802","MONTEREY WEATHER FORECAST OFFICE, CA US","2018-10-20","0.00",,,"65","49","55"
"USC00045802","MONTEREY WEATHER FORECAST OFFICE, CA US","2018-10-21","0.00",,,"62","50","58"
"USC00045802","MONTEREY WEATHER FORECAST OFFICE, CA US","2018-10-22","0.00",,,"62","55","55"
"USC00045802","MONTEREY WEATHER FORECAST OFFICE, CA US","2018-10-23","0.00",,,"66","53","53"
"USC00045802","MONTEREY WEATHER FORECAST OFFICE, CA US","2018-10-24","0.00",,,"65","48","57"
"USC00045802","MONTEREY WEATHER FORECAST OFFICE, CA US","2018-10-25","0.00",,,"65","54","56"
"USC00045802","MONTEREY WEATHER FORECAST OFFICE, CA US","2018-10-26","0.00",,,"65","51","55"
"USC00045802","MONTEREY WEATHER FORECAST OFFICE, CA US","2018-10-27","0.00",,,"66","51","56"
"USC00045802","MONTEREY WEATHER FORECAST OFFICE, CA US","2018-10-28","0.00",,,"68","53","58"
"USC00045802","MONTEREY WEATHER FORECAST OFFICE, CA US","2018-10-29","0.00",,,"64","51","51"
"USC00045802","MONTEREY WEATHER FORECAST OFFICE, CA US","2018-10-30","0.00",,,"64","47","52"
"USC00045802","MONTEREY WEATHER FORECAST OFFICE, CA US","2018-10-31","0.00",,,"71","47","54"
"USC00045802","MONTEREY WEATHER FORECAST OFFICE, CA US","2018-11-01","0.00",,,"81","53","55"
"USC00045802","MONTEREY WEATHER FORECAST OFFICE, CA US","2018-11-02","0.00",,,"66","51","52"
"USC00045802","MONTEREY WEATHER FORECAST OFFICE, CA US","2018-11-03","0.00",,,"68","50","51"
"USC00045802","MONTEREY WEATHER FORECAST OFFICE, CA US","2018-11-04","0.00",,,"62","48","56"
"USC00045802","MONTEREY WEATHER FORECAST OFFICE, CA US","2018-11-05","0.00",,,"62","48","50"
"USC00045802","MONTEREY WEATHER FORECAST OFFICE, CA US","2018-11-06","0.00",,,"72","46","49"
"USC00045802","MONTEREY WEATHER FORECAST OFFICE, CA US","2018-11-07","0.00",,,"61","44","49"
"USC00045802","MONTEREY WEATHER FORECAST OFFICE, CA US","2018-11-08","0.00",,,"74","46","49"
"USC00045802","MONTEREY WEATHER FORECAST OFFICE, CA US","2018-11-09","0.00",,,"72","47","52"
"USC00045802","MONTEREY WEATHER FORECAST OFFICE, CA US","2018-11-10","0.00",,,"62","45","46"
"USC00045802","MONTEREY WEATHER FORECAST OFFICE, CA US","2018-11-11","0.00",,,"69","43","50"
"USC00045802","MONTEREY WEATHER FORECAST OFFICE, CA US","2018-11-12","0.00",,,"70","50","54"
"USC00045802","MONTEREY WEATHER FORECAST OFFICE, CA US","2018-11-13","0.00",,,"65","47","47"
"USC00045802","MONTEREY WEATHER FORECAST OFFICE, CA US","2018-11-14","0.00",,,"69","43","48"
"USC00045802","MONTEREY WEATHER FORECAST OFFICE, CA US","2018-11-15","0.00",,,"69","43","47"
"USC00045802","MONTEREY WEATHER FORECAST OFFICE, CA US","2018-11-16","0.00",,,"64","44","52"
"USC00045802","MONTEREY WEATHER FORECAST OFFICE, CA US","2018-11-17","0.00",,,"59","46","54"
"USC00045802","MONTEREY WEATHER FORECAST OFFICE, CA US","2018-11-18","0.00",,,"62","45","47"
"USC00045802","MONTEREY WEATHER FORECAST OFFICE, CA US","2018-11-19","0.00",,,"66","45","48"
"USC00045802","MONTEREY WEATHER FORECAST OFFICE, CA US","2018-11-20","0.00",,,"64","46","53"
"USC00045802","MONTEREY WEATHER FORECAST OFFICE, CA US","2018-11-21","0.14",,,"66","53","60"
"USC00045802","MONTEREY WEATHER FORECAST OFFICE, CA US","2018-11-22","0.13",,,"64","54","61"
"USC00045802","MONTEREY WEATHER FORECAST OFFICE, CA US","2018-11-23","0.31",,,"62","58","60"
"USC00045802","MONTEREY WEATHER FORECAST OFFICE, CA US","2018-11-24","0.09",,,"62","53","56"
"USC00045802","MONTEREY WEATHER FORECAST OFFICE, CA US","2018-11-25","0.00",,,"62","48","51"
"USC00045802","MONTEREY WEATHER FORECAST OFFICE, CA US","2018-11-26","0.00",,,"65","45","53"
"USC00045802","MONTEREY WEATHER FORECAST OFFICE, CA US","2018-11-27","0.02",,,"63","50","59"
"USC00045802","MONTEREY WEATHER FORECAST OFFICE, CA US","2018-11-28","0.92",,,"61","57","58"
"USC00045802","MONTEREY WEATHER FORECAST OFFICE, CA US","2018-11-29","1.20",,,"60","52","57"
"USC00045802","MONTEREY WEATHER FORECAST OFFICE, CA US","2018-11-30","0.01",,,"60","47","47"
"USC00045802","MONTEREY WEATHER FORECAST OFFICE, CA US","2018-12-01","0.08",,,"59","46","53"
"USC00045802","MONTEREY WEATHER FORECAST OFFICE, CA US","2018-12-02","0.00",,,"55","43","46"
"USC00045802","MONTEREY WEATHER FORECAST OFFICE, CA US","2018-12-03","0.00",,,"59","44","51"
"USC00045802","MONTEREY WEATHER FORECAST OFFICE, CA US","2018-12-04","0.26",,,"59","49","50"
"USC00045802","MONTEREY WEATHER FORECAST OFFICE, CA US","2018-12-05","0.11",,,"60","49","52"
"USC00045802","MONTEREY WEATHER FORECAST OFFICE, CA US","2018-12-06","0.03",,,"65","47","48"
"USC00045802","MONTEREY WEATHER FORECAST OFFICE, CA US","2018-12-07","0.00",,,"63","46","48"
"USC00045802","MONTEREY WEATHER FORECAST OFFICE, CA US","2018-12-08","0.00",,,"64","43","48"
"USC00045802","MONTEREY WEATHER FORECAST OFFICE, CA US","2018-12-09","0.00",,,"60","46","48"
"USC00045802","MONTEREY WEATHER FORECAST OFFICE, CA US","2018-12-10","0.00",,,"62","43","47"
"USC00045802","MONTEREY WEATHER FORECAST OFFICE, CA US","2018-12-11","0.00",,,"58","43","51"
"USC00045802","MONTEREY WEATHER FORECAST OFFICE, CA US","2018-12-12","0.00",,,"64","47","49"
"USC00045802","MONTEREY WEATHER FORECAST OFFICE, CA US","2018-12-13","0.00",,,"66","42","49"
"USC00045802","MONTEREY WEATHER FORECAST OFFICE, CA US","2018-12-14","0.00",,,"64","48","51"
"USC00045802","MONTEREY WEATHER FORECAST OFFICE, CA US","2018-12-15","0.00",,,"61","47","50"
"USC00045802","MONTEREY WEATHER FORECAST OFFICE, CA US","2018-12-16","0.71",,,"62","48","55"
"USC00045802","MONTEREY WEATHER FORECAST OFFICE, CA US","2018-12-17","0.12",,,"59","50","50"
"USC00045802","MONTEREY WEATHER FORECAST OFFICE, CA US","2018-12-18","0.00",,,"60","45","48"
"USC00045802","MONTEREY WEATHER FORECAST OFFICE, CA US","2018-12-19","0.00",,,"64","46","48"
"USC00045802","MONTEREY WEATHER FORECAST OFFICE, CA US","2018-12-20","0.00",,,"61","47","54"
"USC00045802","MONTEREY WEATHER FORECAST OFFICE, CA US","2018-12-21","0.00",,,"63","50","54"
"USC00045802","MONTEREY WEATHER FORECAST OFFICE, CA US","2018-12-22","0.00",,,"62","48","49"
"USC00045802","MONTEREY WEATHER FORECAST OFFICE, CA US","2018-12-23","0.00",,,"61","47","49"
"USC00045802","MONTEREY WEATHER FORECAST OFFICE, CA US","2018-12-24","0.45",,,"60","48","51"
"USC00045802","MONTEREY WEATHER FORECAST OFFICE, CA US","2018-12-25","0.08",,,"58","47","47"
"USC00045802","MONTEREY WEATHER FORECAST OFFICE, CA US","2018-12-26","0.00",,,"57","43","53"
"USC00045802","MONTEREY WEATHER FORECAST OFFICE, CA US","2018-12-27","0.00",,,"59","47","54"
"USC00045802","MONTEREY WEATHER FORECAST OFFICE, CA US","2018-12-28","0.00",,,"57","40","42"
"USC00045802","MONTEREY WEATHER FORECAST OFFICE, CA US","2018-12-29","0.00",,,"59","39","44"
"USC00045802","MONTEREY WEATHER FORECAST OFFICE, CA US","2018-12-30","0.00",,,"56","42","53"
"USC00045802","MONTEREY WEATHER FORECAST OFFICE, CA US","2018-12-31","0.00",,,"56","41","41"
"USC00045802","MONTEREY WEATHER FORECAST OFFICE, CA US","2019-01-01","0.00",,,"58","37","41"
"USC00045802","MONTEREY WEATHER FORECAST OFFICE, CA US","2019-01-02","0.00",,,"59","38","40"
"USC00045802","MONTEREY WEATHER FORECAST OFFICE, CA US","2019-01-03","0.00",,,"58","38","41"
"USC00045802","MONTEREY WEATHER FORECAST OFFICE, CA US","2019-01-04","0.00",,,"58","39","46"
"USC00045802","MONTEREY WEATHER FORECAST OFFICE, CA US","2019-01-05","0.17",,,"57","44","46"
"USC00045802","MONTEREY WEATHER FORECAST OFFICE, CA US","2019-01-06","0.58",,,"59","45","57"
"USC00045802","MONTEREY WEATHER FORECAST OFFICE, CA US","2019-01-07","0.00",,,"60","48","52"
"USC00045802","MONTEREY WEATHER FORECAST OFFICE, CA US","2019-01-08","0.02",,,"62","51","60"
"USC00045802","MONTEREY WEATHER FORECAST OFFICE, CA US","2019-01-09","0.02",,,"64","50","50"
"USC00045802","MONTEREY WEATHER FORECAST OFFICE, CA US","2019-01-10","0.00",,,"58","44","44"
"USC00045802","MONTEREY WEATHER FORECAST OFFICE, CA US","2019-01-11","0.24",,,"65","43","53"
"USC00045802","MONTEREY WEATHER FORECAST OFFICE, CA US","2019-01-12","0.03",,,"58","47","47"
"USC00045802","MONTEREY WEATHER FORECAST OFFICE, CA US","2019-01-13","0.00",,,"59","44","51"
"USC00045802","MONTEREY WEATHER FORECAST OFFICE, CA US","2019-01-14","0.09",,,"59","47","49"
"USC00045802","MONTEREY WEATHER FORECAST OFFICE, CA US","2019-01-15","0.34",,,"61","49","57"
"USC00045802","MONTEREY WEATHER FORECAST OFFICE, CA US","2019-01-16","0.56",,,"66","51","57"
"USC00045802","MONTEREY WEATHER FORECAST OFFICE, CA US","2019-01-17","0.12",,,"61","53","53"
"USC00045802","MONTEREY WEATHER FORECAST OFFICE, CA US","2019-01-18","0.00",,,"63","51","51"
"USC00045802","MONTEREY WEATHER FORECAST OFFICE, CA US","2019-01-19","0.00",,,"70","49","53"
"USC00045802","MONTEREY WEATHER FORECAST OFFICE, CA US","2019-01-20","0.17",,,"62","50","51"
"USC00045802","MONTEREY WEATHER FORECAST OFFICE, CA US","2019-01-21","0.10",,,"57","45","45"
"USC00045802","MONTEREY WEATHER FORECAST OFFICE, CA US","2019-01-22","0.00",,,"58","43","43"
"USC00045802","MONTEREY WEATHER FORECAST OFFICE, CA US","2019-01-23","0.00",,,"60","40","51"
"USC00045802","MONTEREY WEATHER FORECAST OFFICE, CA US","2019-01-24","0.00",,,"67","48","51"
"USC00045802","MONTEREY WEATHER FORECAST OFFICE, CA US","2019-01-25","0.00",,,"69","40","53"
"USC00045802","MONTEREY WEATHER FORECAST OFFICE, CA US","2019-01-26","0.00",,,"68","45","50"
"USC00045802","MONTEREY WEATHER FORECAST OFFICE, CA US","2019-01-27","0.00",,,"72","49","53"
"USC00045802","MONTEREY WEATHER FORECAST OFFICE, CA US","2019-01-28","0.00",,,"65","50","52"
"USC00045802","MONTEREY WEATHER FORECAST OFFICE, CA US","2019-01-29","0.00",,,"59","50","50"
"USC00045802","MONTEREY WEATHER FORECAST OFFICE, CA US","2019-01-30","0.04",,,"61","50","54"
"USC00045802","MONTEREY WEATHER FORECAST OFFICE, CA US","2019-01-31","0.74",,,"61","50","54"
"USC00045802","MONTEREY WEATHER FORECAST OFFICE, CA US","2019-02-01","0.08",,,"61","47","54"
"USC00045802","MONTEREY WEATHER FORECAST OFFICE, CA US","2019-02-02","1.15",,,"62","49","55"
"USC00045802","MONTEREY WEATHER FORECAST OFFICE, CA US","2019-02-03","0.51",,,"55","48","50"
"USC00045802","MONTEREY WEATHER FORECAST OFFICE, CA US","2019-02-04","0.86",,,"53","42","43"
"USC00045802","MONTEREY WEATHER FORECAST OFFICE, CA US","2019-02-05","0.19",,,"50","39","39"
"USC00045802","MONTEREY WEATHER FORECAST OFFICE, CA US","2019-02-06","0.02",,,"54","39","43"
"USC00045802","MONTEREY WEATHER FORECAST OFFICE, CA US","2019-02-07","0.06",,,"56","40","47"
"USC00045802","MONTEREY WEATHER FORECAST OFFICE, CA US","2019-02-08","0.77",,,"54","43","46"
"USC00045802","MONTEREY WEATHER FORECAST OFFICE, CA US","2019-02-09","0.42",,,"55","41","49"
"USC00045802","MONTEREY WEATHER FORECAST OFFICE, CA US","2019-02-10","0.70",,,"50","41","42"
"USC00045802","MONTEREY WEATHER FORECAST OFFICE, CA US","2019-02-11","0.00",,,"55","39","42"
"USC00045802","MONTEREY WEATHER FORECAST OFFICE, CA US","2019-02-12","0.00",,,"60","38","54"
"USC00045802","MONTEREY WEATHER FORECAST OFFICE, CA US","2019-02-13","0.24",,,"71","50","67"
"USC00045802","MONTEREY WEATHER FORECAST OFFICE, CA US","2019-02-14","0.79",,,"68","50","53"
"USC00045802","MONTEREY WEATHER FORECAST OFFICE, CA US","2019-02-15","0.70",,,"55","45","46"
"USC00045802","MONTEREY WEATHER FORECAST OFFICE, CA US","2019-02-16","0.67",,,"53","43","44"
"USC00045802","MONTEREY WEATHER FORECAST OFFICE, CA US","2019-02-17","0.30",,,"52","41","41"
"USC00045802","MONTEREY WEATHER FORECAST OFFICE, CA US","2019-02-18","0.00",,,"54","36","40"
"USC00045802","MONTEREY WEATHER FORECAST OFFICE, CA US","2019-02-19","0.00",,,"54","36","50"
"USC00045802","MONTEREY WEATHER FORECAST OFFICE, CA US","2019-02-20","0.06",,,"54","48","50"
"USC00045802","MONTEREY WEATHER FORECAST OFFICE, CA US","2019-02-21","0.00",,,"54","41","41"
"USC00045802","MONTEREY WEATHER FORECAST OFFICE, CA US","2019-02-22","0.00",,,"54","37","44"
"USC00045802","MONTEREY WEATHER FORECAST OFFICE, CA US","2019-02-23","0.00",,,"54","36","44"
"USC00045802","MONTEREY WEATHER FORECAST OFFICE, CA US","2019-02-24","0.00",,,"56","43","48"
"USC00045802","MONTEREY WEATHER FORECAST OFFICE, CA US","2019-02-25","0.00",,,"61","46","52"
"USC00045802","MONTEREY WEATHER FORECAST OFFICE, CA US","2019-02-26","0.00",,,"62","52","59"
"USC00045802","MONTEREY WEATHER FORECAST OFFICE, CA US","2019-02-27","0.07",,,"68","55","55"
"USC00045802","MONTEREY WEATHER FORECAST OFFICE, CA US","2019-02-28","0.16",,,"56","47","47"
"USC00045802","MONTEREY WEATHER FORECAST OFFICE, CA US","2019-03-01","0.10",,,"58","45","52"
"USC00045802","MONTEREY WEATHER FORECAST OFFICE, CA US","2019-03-02","0.29",,,"66","52","55"
"USC00045802","MONTEREY WEATHER FORECAST OFFICE, CA US","2019-03-03","0.17",,,"60","51","51"
"USC00045802","MONTEREY WEATHER FORECAST OFFICE, CA US","2019-03-04","0.01",,,"57","50","51"
"USC00045802","MONTEREY WEATHER FORECAST OFFICE, CA US","2019-03-05","0.24",,,"62","50","60"
"USC00045802","MONTEREY WEATHER FORECAST OFFICE, CA US","2019-03-06","0.23",,,"60","51","51"
"USC00045802","MONTEREY WEATHER FORECAST OFFICE, CA US","2019-03-07","0.36",,,"52","45","45"
"USC00045802","MONTEREY WEATHER FORECAST OFFICE, CA US","2019-03-08","0.14",,,"53","44","45"
"USC00045802","MONTEREY WEATHER FORECAST OFFICE, CA US","2019-03-09","0.25",,,"56","43","47"
"USC00045802","MONTEREY WEATHER FORECAST OFFICE, CA US","2019-03-10","0.13",,,"59","44","45"
"USC00045802","MONTEREY WEATHER FORECAST OFFICE, CA US","2019-03-11","0.00",,,"60","41","51"
"USC00045802","MONTEREY WEATHER FORECAST OFFICE, CA US","2019-03-12","0.00",,,"58","49","51"
"USC00045802","MONTEREY WEATHER FORECAST OFFICE, CA US","2019-03-13","0.00",,,"57","43","45"
"USC00045802","MONTEREY WEATHER FORECAST OFFICE, CA US","2019-03-14","0.00",,,"61","39","47"
"USC00045802","MONTEREY WEATHER FORECAST OFFICE, CA US","2019-03-15","0.00",,,"64","43","48"
"USC00045802","MONTEREY WEATHER FORECAST OFFICE, CA US","2019-03-16","0.00",,,"63","45","51"
"USC00045802","MONTEREY WEATHER FORECAST OFFICE, CA US","2019-03-17","0.00",,,"74","44","52"
"USC00045802","MONTEREY WEATHER FORECAST OFFICE, CA US","2019-03-18","0.00",,,"68","49","52"
"USC00045802","MONTEREY WEATHER FORECAST OFFICE, CA US","2019-03-19","0.07",,,"65","47","53"
"USC00045802","MONTEREY WEATHER FORECAST OFFICE, CA US","2019-03-20","0.68",,,"60","47","48"
"USC00045802","MONTEREY WEATHER FORECAST OFFICE, CA US","2019-03-21","0.00",,,"59","44","48"
"USC00045802","MONTEREY WEATHER FORECAST OFFICE, CA US","2019-03-22","0.12",,,"61","47","54"
"USC00045802","MONTEREY WEATHER FORECAST OFFICE, CA US","2019-03-23","0.30",,,"60","47","48"
"USC00045802","MONTEREY WEATHER FORECAST OFFICE, CA US","2019-03-24","0.00",,,"62","43","49"
"USC00045802","MONTEREY WEATHER FORECAST OFFICE, CA US","2019-03-25","0.03",,,"70","44","55"
"USC00045802","MONTEREY WEATHER FORECAST OFFICE, CA US","2019-03-26","0.01",,,"63","52","61"
"USC00045802","MONTEREY WEATHER FORECAST OFFICE, CA US","2019-03-27","0.01",,,"65","51","52"
"USC00045802","MONTEREY WEATHER FORECAST OFFICE, CA US","2019-03-28","0.07",,,"63","47","51"
"USC00045802","MONTEREY WEATHER FORECAST OFFICE, CA US","2019-03-29","0.04",,,"60","46","51"
"USC00045802","MONTEREY WEATHER FORECAST OFFICE, CA US","2019-03-30","0.00",,,"61","45","51"
"USC00045802","MONTEREY WEATHER FORECAST OFFICE, CA US","2019-03-31","0.00",,,"63","47","55"
